event_id,season,week,elim_count,use_two_stage,rule_mode,ppc_p_mean,ppc_p_q025,ppc_p_q975,ppc_logp_mean,ppc_logp_q025,ppc_logp_q975
1-1,1,1,0,0,rank,1.0,1.0,1.0,0.0,0.0,0.0
1-2,1,2,1,0,rank,0.1800938198589016,0.0536050599394228,0.310906762192085,-1.7909570760417,-2.9261118230155065,-1.1682623348669274
1-3,1,3,1,0,rank,0.476584215504973,0.1822041137217378,0.7207929126497911,-0.7898151215548997,-1.7026277533604732,-0.3274034233378513
1-4,1,4,1,0,rank,0.1909349467490375,0.0608470329060864,0.3011166330581584,-1.7259503329401813,-2.7993922234834807,-1.200257604072857
1-5,1,5,1,0,rank,0.5385150149736343,0.3240767446289861,0.7401379755827557,-0.6465324691074225,-1.1267749250998893,-0.3009186600341894
1-6,1,6,0,0,rank,1.0,1.0,1.0,0.0,0.0,0.0
2-1,2,1,1,0,rank,0.2990543362831941,0.0953074414059065,0.5411617576196053,-1.281490398099754,-2.350650022276455,-0.6140370843233973
2-2,2,2,1,0,rank,0.2979347919053645,0.0924085376992751,0.5385998434171376,-1.2862414528096742,-2.38153598413953,-0.6187823908056231
2-3,2,3,1,0,rank,0.1469968094793699,0.0408506754967452,0.2686274528001611,-2.001722762316495,-3.197832003559524,-1.3144297945170027
2-4,2,4,1,0,rank,0.4406529120246486,0.1328605732199795,0.6944848673473134,-0.8849848961562821,-2.018455072266478,-0.3645849651697557
2-5,2,5,1,0,rank,0.4784854394201721,0.1718252588766393,0.7296704774721904,-0.7870919199968321,-1.7612772571772877,-0.3151622474949024
2-6,2,6,1,0,rank,0.3942733150108007,0.1422042847742088,0.6189648220894018,-0.9869128065545956,-1.950490635331399,-0.4797069190081957
2-7,2,7,1,0,rank,0.3279257611653084,0.1214165932749439,0.5072472637455415,-1.1721778974456956,-2.1085277467618,-0.6787567024108538
2-8,2,8,0,0,rank,1.0,1.0,1.0,0.0,0.0,0.0
3-1,3,1,1,0,percent,0.0931254154114908,0.0799230076535987,0.0982753776828922,-2.375321197393964,-2.5266915120480715,-2.3199817646632543
3-2,3,2,1,0,percent,0.1006657849290489,0.0839669406188803,0.1063770298503191,-2.297851389242807,-2.4773322453177062,-2.240765610315913
3-3,3,3,1,0,percent,0.1120187619722321,0.0927829972939841,0.1190788197573523,-2.191203314527255,-2.377492160348604,-2.127969654234259
3-4,3,4,1,0,percent,0.1260728394398987,0.1020263473377404,0.1349867402770137,-2.073257638892199,-2.2825242217057826,-2.0025787255399914
3-5,3,5,2,0,percent,0.0483129756071369,0.0352517950186894,0.0562041617235193,-3.036434988554216,-3.3452388322061997,-2.878764472909879
3-6,3,6,0,0,percent,1.0,1.0,1.0,0.0,0.0,0.0
3-7,3,7,1,0,percent,0.2057155377971586,0.1517620413410876,0.2290311017011369,-1.5859961938987424,-1.8854415105718487,-1.4738974694553182
3-8,3,8,1,0,percent,0.2545941040121972,0.1835340738592624,0.2889891461973372,-1.3742570465595274,-1.695355253840189,-1.241366148782717
3-9,3,9,1,0,percent,0.3393784902268402,0.2363844838576121,0.3999991237123084,-1.0896375841282926,-1.4422956315737807,-0.9162929226079032
3-10,3,10,0,0,percent,1.0,1.0,1.0,0.0,0.0,0.0
4-1,4,1,0,0,percent,1.0,1.0,1.0,0.0,0.0,0.0
4-2,4,2,1,0,percent,0.0913579342425606,0.0747724579841282,0.0962663952791562,-2.394903400323282,-2.5933056762834683,-2.340635979844358
4-3,4,3,1,0,percent,0.1005600232265985,0.0829049324557989,0.1064245555633188,-2.298993087084429,-2.4900607198028486,-2.2403189433781563
4-4,4,4,1,0,percent,0.113285623433788,0.0943885191412789,0.120826224337409,-2.180014549993591,-2.360335842857717,-2.1134019281861187
4-5,4,5,1,0,percent,0.1292193001231998,0.1037648896150725,0.1393445321068427,-2.048900701928323,-2.2656276168059053,-1.9708057643827936
4-6,4,6,1,0,percent,0.1444891882712682,0.1147728176226531,0.1558725576878559,-1.9374903752315973,-2.1648009201428313,-1.858716543613542
4-7,4,7,1,0,percent,0.1699603244856113,0.1306625367894974,0.1861433939155265,-1.7760598389957818,-2.035137466686388,-1.681237967304957
4-8,4,8,1,0,percent,0.2073085946495953,0.1537203804995981,0.2312377181072828,-1.5784929560038354,-1.8726200397960433,-1.4643090162830683
4-9,4,9,1,0,percent,0.2535226024284023,0.1806815658893086,0.2881894362527973,-1.3787834571189048,-1.711019102121947,-1.2441372505508237
4-10,4,10,0,0,percent,1.0,1.0,1.0,0.0,0.0,0.0
5-1,5,1,1,0,percent,0.084512388023965,0.0713353923144607,0.0888598995932742,-2.4724814138917877,-2.6403627760667803,-2.4206943117147266
5-2,5,2,1,0,percent,0.091316518576837,0.0769702781837219,0.0961016799041764,-2.3950514699242573,-2.5643359569625654,-2.3423484830352637
5-3,5,3,1,0,percent,0.1019193257697865,0.0849978196747189,0.10806797352089,-2.285402908831124,-2.465129674631197,-2.224994865660884
5-4,5,4,1,0,percent,0.1125026474984696,0.0930956477936534,0.1196974479598999,-2.186937701684293,-2.374127961552184,-2.122787986966142
5-5,5,5,1,0,percent,0.1269939976511502,0.1035277436911954,0.1364899454846095,-2.06609477932584,-2.2679156688091493,-1.9915043265466736
5-6,5,6,1,0,percent,0.1441729280034555,0.1127892138558541,0.1553284883580092,-1.939830793581168,-2.182234566786167,-1.8622131248395128
5-7,5,7,1,0,percent,0.1686050721809281,0.1298095373844225,0.1839479764304229,-1.78387152637969,-2.0416870604770496,-1.6931022990371785
5-8,5,8,1,0,percent,0.2027494834081607,0.1527858567588023,0.2251933284404997,-1.6003799693543117,-1.8787179969173984,-1.4907960082394307
5-9,5,9,1,0,percent,0.2532145120550694,0.181696974815246,0.288167724178307,-1.380124888624811,-1.7054151690794892,-1.244212592743395
5-10,5,10,0,0,percent,1.0,1.0,1.0,0.0,0.0,0.0
6-1,6,1,0,0,percent,1.0,1.0,1.0,0.0,0.0,0.0
6-2,6,2,2,0,percent,0.0156407772445731,0.0125024608449586,0.0171763203599666,-4.160829061911751,-4.381829822435424,-4.064223566991371
6-3,6,3,1,0,percent,0.1008283428373407,0.0838123245156052,0.1066683564024324,-2.2962045957791126,-2.479175221610681,-2.238030730734514
6-4,6,4,1,0,percent,0.1135390972553867,0.0948660607168618,0.1207479135652611,-2.1774214865882406,-2.3552892694075007,-2.1140502656049405
6-5,6,5,1,0,percent,0.1268677887844524,0.1015589241876644,0.1359627021139039,-2.0674624731468096,-2.2871161213481535,-1.9953746800231331
6-6,6,6,1,0,percent,0.1458130018200519,0.1138579580187241,0.1579069922905022,-1.92844804374866,-2.1728035932808374,-1.8457490760397448
6-7,6,7,1,0,percent,0.1680222340681585,0.1282095553735861,0.1837433327280358,-1.7876169425701331,-2.054089204127778,-1.6942154265867149
6-8,6,8,1,0,percent,0.2025876925203713,0.1506589210968849,0.2244846617733987,-1.6011446130907148,-1.89273679788697,-1.4939478958632209
6-9,6,9,1,0,percent,0.2561970675668635,0.1851237924919787,0.2905488868022461,-1.3678496783538217,-1.6867305724629242,-1.2359834321061216
6-10,6,10,0,0,percent,1.0,1.0,1.0,0.0,0.0,0.0
7-1,7,1,2,0,percent,0.0131629977973113,0.0106864502126037,0.0143146593493213,-4.332932366372258,-4.538778675400934,-4.24647113862213
7-2,7,2,2,0,percent,0.0184349231654389,0.0144451522198494,0.0203351014130829,-3.997018525110772,-4.2373964093019305,-3.895406753181736
7-3,7,3,0,0,percent,1.0,1.0,1.0,0.0,0.0,0.0
7-4,7,4,1,0,percent,0.1131247517818855,0.0932813556366791,0.1203384263792636,-2.1814324111770675,-2.3721350680971462,-2.117447285790406
7-5,7,5,1,0,percent,0.126353795503367,0.1019589433430745,0.1355215146029456,-2.071391270125419,-2.2831850638466644,-1.998624872436643
7-6,7,6,1,0,percent,0.1476522191035572,0.1163602906768992,0.1604372981325496,-1.9160926466941952,-2.151063947475917,-1.829852078925858
7-7,7,7,1,0,percent,0.1679306481693139,0.1263992640865472,0.1838733568427888,-1.7883300131681736,-2.0683096253981392,-1.693508036505804
7-8,7,8,1,0,percent,0.2035257742976679,0.1517260954969477,0.2256919843831102,-1.5966367723751331,-1.885678412482927,-1.488584111124635
7-9,7,9,1,0,percent,0.2561772941012343,0.1839267935199225,0.2917367169648983,-1.368246608627221,-1.6932175981722577,-1.2319035379332084
7-10,7,10,0,0,percent,1.0,1.0,1.0,0.0,0.0,0.0
8-1,8,1,0,0,percent,1.0,1.0,1.0,0.0,0.0,0.0
8-2,8,2,1,0,percent,0.0775554340523717,0.0674632586169763,0.0810090489144663,-2.557963620107161,-2.696172147804887,-2.5131944155656023
8-3,8,3,1,0,percent,0.0845780224048742,0.0725952017402644,0.0888035558166939,-2.471474539993983,-2.622856453416215,-2.421328586806609
8-4,8,4,2,0,percent,0.0190353390161858,0.0147150072547697,0.0210940853612042,-3.9649736818568697,-4.218887416090844,-3.858762592431205
8-5,8,5,1,0,percent,0.1120765409559872,0.0918122450262561,0.1190653108618767,-2.1907381254883553,-2.388009638729782,-2.128083105653128
8-6,8,6,1,0,percent,0.1282552918739558,0.102898082988051,0.1381064707912944,-2.0563849479186347,-2.2740162805301307,-1.9797303638275767
8-7,8,7,1,0,percent,0.1457974476788058,0.1118397444163295,0.1579663963852753,-1.928818574476928,-2.1906882861881716,-1.8453729496952904
8-8,8,8,1,0,percent,0.1681789641799431,0.1274775436778646,0.1840489422087489,-1.7866584430906098,-2.0598150594288027,-1.6925535665113982
8-9,8,9,1,0,percent,0.2026676793479965,0.1498502449682333,0.2247363829310684,-1.6010282430891392,-1.898118862643194,-1.4928271951065233
8-10,8,10,1,0,percent,0.2581429190139414,0.1893324364157534,0.2934583135530111,-1.3600060766163884,-1.66425116063274,-1.2260196826990848
8-11,8,11,0,0,percent,1.0,1.0,1.0,0.0,0.0,0.0
9-1,9,1,2,0,percent,0.0085300719362742,0.0070692489901632,0.0091498423973462,-4.766212938001944,-4.952001032131418,-4.694018624191307
9-2,9,2,1,0,percent,0.0720779420154671,0.063621349519361,0.0750555349132756,-2.631090789792527,-2.7548061840275864,-2.589526974041758
9-3,9,3,2,0,percent,0.0131125544238113,0.0105229517385535,0.0142981403646204,-4.336943887480982,-4.5541965380494,-4.247625794671375
9-4,9,4,1,0,percent,0.0923957635605923,0.0780776517868096,0.0972785153597142,-2.383220081181767,-2.550051465475211,-2.330177122641809
9-5,9,5,1,0,percent,0.1007952175151432,0.0819112893665868,0.1067199587247583,-2.296868779328215,-2.502118455568779,-2.2375470836177063
9-6,9,6,2,0,percent,0.028691644134917,0.0215619046528136,0.0322883126052117,-3.5557960195689504,-3.8368271948981194,-3.433049953187321
9-7,9,7,2,0,percent,0.049151433216038,0.036150618973302,0.0571026239276068,-3.0191783774351566,-3.320061210990975,-2.8629052101800347
9-8,9,8,1,0,percent,0.2034177346677512,0.1513357510159707,0.2250492788793974,-1.5970913019704305,-1.888254516170908,-1.4914358848723
9-9,9,9,1,0,percent,0.2530394183863751,0.1787510624508567,0.2866933811445811,-1.3805358496305775,-1.721761193973092,-1.2493419940230348
9-10,9,10,0,0,percent,1.0,1.0,1.0,0.0,0.0,0.0
10-1,10,1,0,0,percent,1.0,1.0,1.0,0.0,0.0,0.0
10-2,10,2,1,0,percent,0.0913656140146489,0.0774149284966409,0.0960070556674594,-2.394372632379218,-2.558575657025538,-2.3433335937009545
10-3,10,3,1,0,percent,0.1022400247152759,0.0827410475987083,0.1086234252870811,-2.282649914778355,-2.492039457279138,-2.219868192324495
10-4,10,4,1,0,percent,0.1130993585032587,0.0931685381242557,0.1203521186796357,-2.1815655774487595,-2.3733451883598224,-2.1173335106048508
10-5,10,5,1,0,percent,0.1282276970723198,0.1030580283678647,0.1379017386129968,-2.0565523383131694,-2.272463068052424,-1.981213886623832
10-6,10,6,1,0,percent,0.1459763860107318,0.1151540057640263,0.1576555171196018,-1.9272130422993023,-2.1614848686613213,-1.8473428976045856
10-7,10,7,1,0,percent,0.1683275958377562,0.1284751865255082,0.183587742015794,-1.7856796189362476,-2.0520195172972335,-1.6950625679884024
10-8,10,8,1,0,percent,0.2051268698808433,0.1508123774777391,0.2282542626143851,-1.5890271892100043,-1.891718765540234,-1.4772950845486996
10-9,10,9,1,0,percent,0.2559515695470654,0.1837521429244802,0.2914303559233394,-1.3693874942913034,-1.6941674800175928,-1.2329542180374342
10-10,10,10,0,0,percent,1.0,1.0,1.0,0.0,0.0,0.0
11-1,11,1,1,0,percent,0.084299253120937,0.0708509549814444,0.08869362152055,-2.47503717359605,-2.6471768342278557,-2.4225673029564954
11-2,11,2,1,0,percent,0.0929837415268901,0.0771704356481746,0.0984237089143481,-2.3771339290731044,-2.5617388572812256,-2.3184735604465643
11-3,11,3,1,0,percent,0.1014815906431439,0.0846842471080814,0.107456597157699,-2.289814988193116,-2.4688256890170996,-2.230668260322533
11-4,11,4,1,0,percent,0.1136173105009913,0.0931090571534395,0.1212636706280576,-2.177079568335383,-2.3739838178136727,-2.1097880087766647
11-5,11,5,1,0,percent,0.126347686266768,0.1013973010048605,0.1351895879158464,-2.0713559561304176,-2.2887088107792257,-2.001077130903707
11-6,11,6,1,0,percent,0.1430536963447437,0.112460303548864,0.1540751332235924,-1.947512796176664,-2.1851549822114467,-1.8703149175586984
11-7,11,7,1,0,percent,0.1682106256246377,0.1294201374822005,0.1834263321191762,-1.7861962069202224,-2.0446913074120356,-1.695942151960541
11-8,11,8,1,0,percent,0.2044284305833208,0.1557725264045302,0.2270488115523154,-1.592064905349982,-1.859358500031322,-1.4825902557689106
11-9,11,9,1,0,percent,0.2533335582579388,0.1837091136319928,0.2875216969211883,-1.3793035692918132,-1.69440170029071,-1.246456954177021
11-10,11,10,0,0,percent,1.0,1.0,1.0,0.0,0.0,0.0
12-1,12,1,0,0,percent,1.0,1.0,1.0,0.0,0.0,0.0
12-2,12,2,1,0,percent,0.0919272074128039,0.0789175486546156,0.0967830749098074,-2.388275596859029,-2.5393517807417485,-2.3352831459660415
12-3,12,3,1,0,percent,0.1021105763564154,0.0852902984623526,0.1082553343799298,-2.2836182712074216,-2.4616946629278154,-2.2232626350133406
12-4,12,4,1,0,percent,0.1122203944776289,0.0919243683649436,0.119385795101867,-2.1893827704524105,-2.3867891544509905,-2.125395054097428
12-5,12,5,1,0,percent,0.126348260088293,0.1003918159749954,0.1356540366184325,-2.0714294422852504,-2.298674590867808,-1.9976474828416213
12-6,12,6,1,0,percent,0.145596810182116,0.1156628014873505,0.1573596060419376,-1.9296961357138929,-2.15707620638359,-1.8492216084580173
12-7,12,7,1,0,percent,0.168333847446166,0.1292306775612745,0.1843083589915673,-1.7855061312094938,-2.0461563281303667,-1.691145059981919
12-8,12,8,1,0,percent,0.201729440261556,0.1490894107622903,0.2240214209379703,-1.6057654490821318,-1.9032090833936,-1.4960136026223432
12-9,12,9,1,0,percent,0.259934872054059,0.1851728045045314,0.2958163857366436,-1.3537091373771968,-1.686465871748951,-1.2180163356417844
12-10,12,10,0,0,percent,1.0,1.0,1.0,0.0,0.0,0.0
13-1,13,1,1,0,percent,0.0844167715612415,0.0713094122003835,0.0887168271607174,-2.4736920483153435,-2.6407269518563368,-2.422305699007832
13-2,13,2,1,0,percent,0.091182300011558,0.0774863714241839,0.0957203173115541,-2.396414985834251,-2.5576532158483323,-2.346324701230948
13-3,13,3,1,0,percent,0.1003762313650149,0.0840372942076338,0.1059797241229368,-2.300557525430767,-2.476494610207693,-2.244507485027208
13-4,13,4,1,0,percent,0.1121617731029985,0.0902214467442439,0.119576673820763,-2.1902126185626116,-2.40548812398436,-2.1237974916490296
13-5,13,5,1,0,percent,0.1274265508471059,0.1028610660851452,0.1367784466654533,-2.062737995473618,-2.2743760742741217,-1.9893928400989065
13-6,13,6,1,0,percent,0.1459146329496342,0.1126645879738114,0.1583866120564802,-1.928162277432079,-2.183340646883095,-1.8427163231370112
13-7,13,7,1,0,percent,0.1684973186006109,0.1301773314521147,0.1840619954280252,-1.7845307192527426,-2.0388578067761434,-1.6924826465181122
13-8,13,8,1,0,percent,0.204952184506142,0.1502992097585428,0.2287848215479398,-1.5900692499470417,-1.895127249617151,-1.474973361101297
13-9,13,9,1,0,percent,0.2593669220591044,0.1845272901136047,0.2960122202769226,-1.3559297998945488,-1.6899579215233582,-1.2173545408523918
13-10,13,10,0,0,percent,1.0,1.0,1.0,0.0,0.0,0.0
14-1,14,1,0,0,percent,1.0,1.0,1.0,0.0,0.0,0.0
14-2,14,2,1,0,percent,0.0844743083869143,0.0715950411453999,0.0888286706932329,-2.472808096104414,-2.6367294687597647,-2.421045814683698
14-3,14,3,1,0,percent,0.0915498437778712,0.0781443799865751,0.0962589623551185,-2.392464563482972,-2.549197152826135,-2.340713194772582
14-4,14,4,1,0,percent,0.1009705462178521,0.0829515789340641,0.1067181749610805,-2.2949455711269025,-2.4894983232593795,-2.2375637981516316
14-5,14,5,1,0,percent,0.1132782532266813,0.0920342748506642,0.1208680884075562,-2.180241881433891,-2.3855944493421344,-2.113055506517627
14-6,14,6,1,0,percent,0.1276467701335376,0.1009759470231429,0.1374755756490916,-2.061397587773338,-2.2928729719045347,-1.9843090092984832
14-7,14,7,1,0,percent,0.1443656627162726,0.1154480725861299,0.1555520266437112,-1.9382146491793932,-2.158934438193862,-1.8607750272644297
14-8,14,8,2,0,percent,0.0679621107626051,0.048610282730137,0.0811614798006305,-2.696767131229184,-3.023920193553259,-2.511314531334439
14-9,14,9,1,0,percent,0.2524617839157656,0.1817008036642687,0.2864260139358724,-1.3828965474040709,-1.7053938863075495,-1.2502750178473023
14-10,14,10,0,0,percent,1.0,1.0,1.0,0.0,0.0,0.0
15-1,15,1,1,0,percent,0.0776915319482428,0.0663267235139613,0.0813904154330213,-2.5565788080999834,-2.713162406987732,-2.5084977595311635
15-2,15,2,1,0,percent,0.0836355017395828,0.0701804208182577,0.0876742016237928,-2.4829088345386348,-2.656685913296326,-2.4341275890892784
15-3,15,3,2,0,percent,0.0183667726943391,0.0145233662110141,0.0202117614914427,-4.000650571285432,-4.231996553790864,-3.901490591991523
15-4,15,4,1,0,percent,0.1123500228143795,0.090881223659513,0.1195516982688232,-2.188536040237865,-2.3982019339746223,-2.1240063796678808
15-5,15,5,0,0,percent,1.0,1.0,1.0,0.0,0.0,0.0
15-6,15,6,1,0,percent,0.1250930298922518,0.0994409620024037,0.1338810800986181,-2.0814099231040344,-2.308191256404723,-2.010803335028442
15-7,15,7,0,0,percent,1.0,1.0,1.0,0.0,0.0,0.0
15-8,15,8,2,0,percent,0.048508611440436,0.0351401282506455,0.0564599591909448,-3.0330301001469766,-3.348411565146492,-2.874223578953762
15-9,15,9,2,0,percent,0.1024318538671063,0.0726758206029731,0.1267257825385196,-2.2885974161550973,-2.6217465495801995,-2.065729724238292
15-10,15,10,0,0,percent,1.0,1.0,1.0,0.0,0.0,0.0
16-1,16,1,0,0,percent,1.0,1.0,1.0,0.0,0.0,0.0
16-2,16,2,1,0,percent,0.0845620688831587,0.0725025988428516,0.0888585811213072,-2.4718080306101036,-2.624132871666093,-2.420709149183362
16-3,16,3,1,0,percent,0.0924675142362173,0.0767206130114797,0.0977059983677025,-2.3827685527090328,-2.5675848792843454,-2.325792326073159
16-4,16,4,1,0,percent,0.1015731017453654,0.0843415839924592,0.1075350347542568,-2.288908220714176,-2.4728804017443617,-2.229938579971641
16-5,16,5,1,0,percent,0.1133267178261742,0.0938043187150445,0.1206772276426715,-2.179545076157496,-2.3665443931077204,-2.1146358377926795
16-6,16,6,1,0,percent,0.1270880539500435,0.1024340470143145,0.1361773057224942,-2.065350362872945,-2.278536146185818,-1.993797524485437
16-7,16,7,1,0,percent,0.1479436507565918,0.1152557983153797,0.1606508021894699,-1.914100061988864,-2.1606012876580953,-1.8285222001013264
16-8,16,8,1,0,percent,0.1707169743984788,0.1304219079007855,0.187305625632096,-1.7716180568022692,-2.036980639809825,-1.675013634574303
16-9,16,9,1,0,percent,0.2044081850136078,0.1501869781647621,0.227212753311652,-1.592457327496911,-1.8958744199741464,-1.481868462031423
16-10,16,10,0,0,percent,1.0,1.0,1.0,0.0,0.0,0.0
17-1,17,1,0,0,percent,1.0,1.0,1.0,0.0,0.0,0.0
17-2,17,2,1,0,percent,0.0843839186514201,0.0724361326992173,0.0886317451172782,-2.473858477871405,-2.625050033903732,-2.4232651885479473
17-3,17,3,1,0,percent,0.0926025526653556,0.0777084567417243,0.0978427137088027,-2.3811128917554667,-2.5547912149043013,-2.3243940520803186
17-4,17,4,1,0,percent,0.1017962214517358,0.0851044670220166,0.107910436536713,-2.2866160156422137,-2.463875982741182,-2.226453687240332
17-5,17,5,1,0,percent,0.1110003960208997,0.0901453011527052,0.1180007142153988,-2.2005960195231604,-2.406332469235351,-2.137064603655008
17-6,17,6,0,0,percent,1.0,1.0,1.0,0.0,0.0,0.0
17-7,17,7,1,0,percent,0.1260136710112027,0.1020245888848927,0.1347903812291063,-2.073874399820475,-2.2825414681691867,-2.004034438921966
17-8,17,8,1,0,percent,0.1441556893982624,0.1144219918808489,0.1553661945841718,-1.939760590334172,-2.1678620148947023,-1.8619704027865225
17-9,17,9,1,0,percent,0.1667872999613842,0.1279069036164172,0.1817763537880944,-1.7949107902839323,-2.056452668138671,-1.7049781732944709
17-10,17,10,1,0,percent,0.203791902677896,0.1514803820449435,0.2262822933616338,-1.595274294009872,-1.8872997747372036,-1.48597197352832
17-11,17,11,0,0,percent,1.0,1.0,1.0,0.0,0.0,0.0
18-1,18,1,1,0,percent,0.084136592838367,0.071243637788392,0.0884334267553733,-2.476952483538543,-2.6416497697107895,-2.4255052500957945
18-2,18,2,2,0,percent,0.0186925664247031,0.0147507883364534,0.0206641756573168,-3.98298163652754,-4.216458799162302,-3.879353723710716
18-3,18,3,0,0,percent,1.0,1.0,1.0,0.0,0.0,0.0
18-4,18,4,0,0,percent,1.0,1.0,1.0,0.0,0.0,0.0
18-5,18,5,1,0,percent,0.1119571100505455,0.0910422489503982,0.1191060298104833,-2.1918766219103736,-2.39643161458135,-2.127741175781492
18-6,18,6,1,0,percent,0.1264692328503069,0.1014938885588114,0.1355249302820248,-2.0704328373393848,-2.2877567487984427,-1.9985996682685472
18-7,18,7,1,0,percent,0.144622669616052,0.1126389895792928,0.1563583733045698,-1.9369055716751944,-2.183567640891654,-1.85560464169808
18-8,18,8,1,0,percent,0.167791005538807,0.1267907042461311,0.1832782456161325,-1.7890341182808829,-2.065217552945543,-1.6967498130354572
18-9,18,9,1,0,percent,0.2027702877133867,0.1543866496728928,0.2243110771462246,-1.600015793968176,-1.8682951958646783,-1.4947214533157618
18-10,18,10,0,0,percent,1.0,1.0,1.0,0.0,0.0,0.0
19-1,19,1,1,0,percent,0.0778852959350883,0.0666783424109067,0.0815527875848767,-2.5539934496857724,-2.707875086809811,-2.5065047680580648
19-2,19,2,1,0,percent,0.0840526417816377,0.0725303026951706,0.0879862303692071,-2.4776579102781913,-2.6237508593435983,-2.430574950011736
19-3,19,3,1,0,percent,0.0918273411056916,0.0755094098943884,0.097179127359969,-2.3899070641600977,-2.58349804124432,-2.3311993296725793
19-4,19,4,1,0,percent,0.1009706096518575,0.0840039770257181,0.1067124422796227,-2.2948306206388542,-2.476891137639486,-2.237617517601174
19-5,19,5,0,0,percent,1.0,1.0,1.0,0.0,0.0,0.0
19-6,19,6,1,0,percent,0.1115773434938694,0.0903534036812065,0.1186269439282157,-2.1953881470996968,-2.4040265965011116,-2.1317716350203413
19-7,19,7,1,0,percent,0.126247251667778,0.1006596015234775,0.1355019475528545,-2.072299068140345,-2.296010736486833,-1.998769265762527
19-8,19,8,1,0,percent,0.1473143159621167,0.1173669646729304,0.1596685269720584,-1.9180876230752664,-2.142449802473634,-1.8346553198576323
19-9,19,9,1,0,percent,0.1676943983232535,0.1263744080549609,0.183608522657932,-1.789845980351499,-2.0685062894517685,-1.6949493821725297
19-10,19,10,1,0,percent,0.2052033250054044,0.1525467486004479,0.2285489084651193,-1.5885731424263374,-1.8802841880269876,-1.4760050501306028
19-11,19,11,0,0,percent,1.0,1.0,1.0,0.0,0.0,0.0
20-1,20,1,0,0,percent,1.0,1.0,1.0,0.0,0.0,0.0
20-2,20,2,1,0,percent,0.0833413560000969,0.0705197787251335,0.087174043078635,-2.4863257417560436,-2.6518620847301477,-2.4398486636248142
20-3,20,3,1,0,percent,0.0922371337564718,0.0775837861762687,0.0973631778894226,-2.3851475436973293,-2.5563968420847467,-2.329307190237556
20-4,20,4,1,0,percent,0.1008247086734502,0.0834511091344122,0.106707275643969,-2.2963326398230333,-2.483494356117243,-2.2376659351469423
20-5,20,5,1,0,percent,0.1122575322669047,0.0917559316973943,0.1196878782995099,-2.1893866596586853,-2.3886231478514186,-2.1228679394779393
20-6,20,6,1,0,percent,0.1258954772096091,0.1010607013005269,0.1348477691441831,-2.075005284693932,-2.292033940463605,-2.0036087728054173
20-7,20,7,1,0,percent,0.1427929413656649,0.1094558411727089,0.1543282251637831,-1.9497648750583592,-2.2122341179410845,-1.868673612507408
20-8,20,8,2,0,percent,0.0696249884486317,0.0504229842062877,0.083045486982228,-2.672053284719374,-2.987308217690561,-2.488366790097435
20-9,20,9,1,0,percent,0.2535683343547629,0.1846765783239294,0.2864290501652296,-1.3778044175319029,-1.689149210853371,-1.2502644169370014
20-10,20,10,0,0,percent,1.0,1.0,1.0,0.0,0.0,0.0
21-1,21,1,0,0,percent,1.0,1.0,1.0,0.0,0.0,0.0
21-2,21,2,3,0,percent,0.0036017792849705,0.0027313501048587,0.0040888159706759,-5.630788328103444,-5.902959259790916,-5.4994998445662775
21-3,21,3,0,0,percent,1.0,1.0,1.0,0.0,0.0,0.0
21-4,21,4,1,0,percent,0.10192560574854,0.0820664591404055,0.1085915008436044,-2.285755767573264,-2.5002258840226297,-2.2201621356668375
21-5,21,5,0,0,percent,1.0,1.0,1.0,0.0,0.0,0.0
21-6,21,6,1,0,percent,0.1137751597364413,0.0925376779141995,0.1212988136174685,-2.1756740343060232,-2.380139388788004,-2.1094982436471934
21-7,21,7,1,0,percent,0.1255879477819698,0.1007238243103685,0.134417547383083,-2.0773145611231993,-2.295372922757188,-2.0068042986226566
21-8,21,8,1,0,percent,0.1452067455344177,0.1118946022405519,0.1572526925026324,-1.9328880363636016,-2.1901979082761636,-1.8499012614542691
21-9,21,9,2,0,percent,0.0680027481130234,0.0489293408107803,0.0806691627046793,-2.6959380055105453,-3.0173780521796414,-2.517398899356602
21-10,21,10,0,0,percent,1.0,1.0,1.0,0.0,0.0,0.0
21-11,21,11,0,0,percent,1.0,1.0,1.0,0.0,0.0,0.0
22-1,22,1,0,0,percent,1.0,1.0,1.0,0.0,0.0,0.0
22-2,22,2,1,0,percent,0.0849316525036225,0.0730090098305346,0.0893109105934379,-2.4673507187616677,-2.6171724260861686,-2.4156316195376353
22-3,22,3,1,0,percent,0.0919422597060132,0.0767982558465401,0.096882738004551,-2.3883113995748992,-2.5665733720748114,-2.3342539185105498
22-4,22,4,1,0,percent,0.1011261299558708,0.0835259579133168,0.1068790276769683,-2.2931870601248514,-2.482597825929143,-2.236057666714971
22-5,22,5,0,0,percent,1.0,1.0,1.0,0.0,0.0,0.0
22-6,22,6,1,0,percent,0.1128329346862313,0.0919884596946542,0.1201586912089205,-2.18400957731169,-2.386092148806804,-2.118941983130382
22-7,22,7,2,0,percent,0.0363380360722744,0.02698430579877,0.0414269402851228,-3.320254861611126,-3.612499850485175,-3.183823878276878
22-8,22,8,1,0,percent,0.1671174694874392,0.1289772075746526,0.182068707709541,-1.7928527177686198,-2.0481197566662117,-1.7033711488217704
22-9,22,9,2,0,percent,0.1019293275052734,0.0709783956267885,0.1254746340092929,-2.2937553998919,-2.6453797375985206,-2.0756516684826707
22-10,22,10,0,0,percent,1.0,1.0,1.0,0.0,0.0,0.0
23-1,23,1,0,0,percent,1.0,1.0,1.0,0.0,0.0,0.0
23-2,23,2,1,0,percent,0.0774696851167175,0.0664352167951663,0.0810732800283285,-2.559274756221214,-2.711527990661757,-2.512401841600407
23-3,23,3,1,0,percent,0.0840927682463063,0.0713055894737499,0.088387747786573,-2.477501890534344,-2.640780561292361,-2.426021918649638
23-4,23,4,2,0,percent,0.0185638402565843,0.014389956121886,0.0205336524057716,-3.990183577223502,-4.241224851022641,-3.885690158064595
23-5,23,5,0,0,percent,1.0,1.0,1.0,0.0,0.0,0.0
23-6,23,6,1,0,percent,0.1128778486874887,0.0925778693838903,0.120206934148568,-2.183615778818578,-2.3797051837295684,-2.1185405702020783
23-7,23,7,1,0,percent,0.1260131322209613,0.1001174455189711,0.1349872832245967,-2.074101854533955,-2.301411329554342,-2.002574703330827
23-8,23,8,1,0,percent,0.1447932192761873,0.113489558326203,0.1569293144872457,-1.9356080450800617,-2.1760444467683477,-1.851959801413545
23-9,23,9,1,0,percent,0.1687695916924728,0.130027974353071,0.1842426641196561,-1.782925816318805,-2.0400056740830728,-1.6915015637324946
23-10,23,10,1,0,percent,0.2011748753308522,0.1453759978567994,0.2229020609522454,-1.6088254963352369,-1.9284318043233544,-1.5010227928813074
23-11,23,11,0,0,percent,1.0,1.0,1.0,0.0,0.0,0.0
24-1,24,1,0,0,percent,1.0,1.0,1.0,0.0,0.0,0.0
24-2,24,2,1,0,percent,0.0843182932101221,0.0710163156455961,0.0885454340067346,-2.474726020674306,-2.6448456893262544,-2.424239480096648
24-3,24,3,1,0,percent,0.0918931495504981,0.0770030515049709,0.0970090520732869,-2.3889753387797863,-2.563910228177807,-2.332950984636084
24-4,24,4,1,0,percent,0.1010747840056973,0.082684301423873,0.1071045917888332,-2.2940673305115493,-2.492725690584418,-2.2339494287532355
24-5,24,5,1,0,percent,0.1121942068408117,0.0919272370805185,0.1191782704669192,-2.1896714424404045,-2.386757946895176,-2.1271348357550037
24-6,24,6,1,0,percent,0.1247423201833315,0.0984796311143648,0.1331997714022172,-2.084123735659874,-2.3179055568550417,-2.0159052370784987
24-7,24,7,2,0,percent,0.0483431422808674,0.0350095610840112,0.0562671201056986,-3.035984393981473,-3.352134116912319,-2.8776449269175086
24-8,24,8,1,0,percent,0.2057605033356834,0.1534629099994402,0.2293861613848911,-1.5857702766465624,-1.8742963759173925,-1.47234840137913
24-9,24,9,1,0,percent,0.2512092610445299,0.1785355083574594,0.2848995162696133,-1.3880137794764529,-1.7229678184620392,-1.2556187363092357
24-10,24,10,0,0,percent,1.0,1.0,1.0,0.0,0.0,0.0
25-1,25,1,0,0,percent,1.0,1.0,1.0,0.0,0.0,0.0
25-2,25,2,2,0,percent,0.0129960359608322,0.0103121038203638,0.0141472289090085,-4.345949712982127,-4.574436977053785,-4.258236511035873
25-3,25,3,0,0,percent,1.0,1.0,1.0,0.0,0.0,0.0
25-4,25,4,1,0,percent,0.0914303395320524,0.0762818903481293,0.0963873542259092,-2.394012545589824,-2.573319750450345,-2.3393802662143584
25-5,25,5,1,0,percent,0.1009180923928028,0.0851497839460594,0.1067380059457307,-2.295229470687255,-2.4633434457870744,-2.237377989707178
25-6,25,6,1,0,percent,0.1132101805311448,0.0925671762145962,0.1206701831682952,-2.180864261010933,-2.3798206732130622,-2.1146942139776437
25-7,25,7,2,0,percent,0.0363091533583345,0.0271625238760886,0.0415643467251493,-3.3211397531270257,-3.6059170558676854,-3.1805125293087246
25-8,25,8,1,0,percent,0.1687020228674061,0.1307393560169053,0.1839349139980804,-1.7832258517676685,-2.0345495916459058,-1.6931733123410189
25-9,25,9,1,0,percent,0.2008944416868195,0.1470421017943002,0.2232374068067486,-1.6101241425443216,-1.9170363377273685,-1.499519469580122
25-10,25,10,0,0,percent,1.0,1.0,1.0,0.0,0.0,0.0
26-1,26,1,2,0,percent,0.0227635796765228,0.0176994693958333,0.0253298762877517,-3.786377900768655,-4.034220675149396,-3.6757706990013546
26-2,26,2,2,0,percent,0.0363079058558509,0.0269742640121833,0.0412956015295496,-3.320981748092064,-3.6128721694615535,-3.1869992853210207
26-3,26,3,3,0,percent,0.0526691326953733,0.0368250343391731,0.0689443416769094,-2.956228232987134,-3.3015774213805926,-2.6744557435436893
26-4,26,4,0,0,percent,1.0,1.0,1.0,0.0,0.0,0.0
27-1,27,1,1,0,percent,0.0774447803585985,0.0664842977401583,0.0809492179450426,-2.5595434453197328,-2.7107895356408784,-2.5139332598683475
27-2,27,2,1,0,percent,0.0842737882384956,0.070685637561699,0.0884601485413123,-2.4753018129455033,-2.6495128730167012,-2.4252031274181007
27-3,27,3,1,0,percent,0.0917797736237068,0.0774503854003038,0.096721337191799,-2.3899716970845906,-2.5581177573208222,-2.335921247381871
27-4,27,4,1,0,percent,0.0996308198925632,0.0818008163598853,0.1052823116077316,-2.3083303062524885,-2.503468058837771,-2.2511098553235698
27-5,27,5,0,0,percent,1.0,1.0,1.0,0.0,0.0,0.0
27-6,27,6,1,0,percent,0.1119345244702311,0.0908768658410213,0.1191532217641479,-2.1921939330626414,-2.3982498126845493,-2.1273450362610498
27-7,27,7,2,0,percent,0.0362698572845716,0.0273246754424678,0.041269268620331,-3.321868798670494,-3.5999651909596944,-3.187637157247207
27-8,27,8,2,0,percent,0.0679637172714871,0.0478810203543482,0.0807410127877877,-2.6968373836321025,-3.03903608807308,-2.516508620204935
27-9,27,9,0,0,percent,1.0,1.0,1.0,0.0,0.0,0.0
28-1,28,1,0,0,rank,1.0,1.0,1.0,0.0,0.0,0.0
28-2,28,2,2,0,rank,0.1577241325837298,0.0263165024515116,0.4670475951187669,-2.09411851321919,-3.637559308979641,-0.7613241283533236
28-3,28,3,0,0,rank,1.0,1.0,1.0,0.0,0.0,0.0
28-4,28,4,1,1,rank,0.3031247573651048,0.0883469025280405,0.4451866854175107,-1.2570212688538245,-2.426484151061963,-0.809261568567375
28-5,28,5,0,0,rank,1.0,1.0,1.0,0.0,0.0,0.0
28-6,28,6,1,1,rank,0.0232197666562483,0.0037748038580508,0.0605384132814521,-3.9761788229440738,-5.579406868182671,-2.8044771852384405
28-7,28,7,1,1,rank,0.2076523350639711,0.068003514212531,0.3262216044161109,-1.6328275949384312,-2.6881960087974326,-1.1201783604673
28-8,28,8,1,1,rank,0.2108360287614889,0.0653397522685442,0.3228709521695834,-1.6157496996763323,-2.728155014792567,-1.1305025692015398
28-9,28,9,1,1,rank,0.309730802257218,0.1245031382909294,0.4445849638901579,-1.224334598383383,-2.083424385081219,-0.8106140980057586
28-10,28,10,1,1,rank,0.3363457038769161,0.1643983702938012,0.4535326532860281,-1.1238146929035089,-1.8054627120173037,-0.7906880092312234
28-11,28,11,0,0,rank,1.0,1.0,1.0,0.0,0.0,0.0
29-1,29,1,0,0,rank,1.0,1.0,1.0,0.0,0.0,0.0
29-2,29,2,1,1,rank,0.3020008173150905,0.1138976560299684,0.435126118276977,-1.2468285216975503,-2.1724549978960925,-0.8321193882708783
29-3,29,3,1,1,rank,0.3178315515851813,0.1176650968121319,0.4532049499889911,-1.197132269083713,-2.139912857841357,-0.7914108277079361
29-4,29,4,1,1,rank,0.2378321993688722,0.0832601292885926,0.3668993767912931,-1.4921506374865985,-2.4857854852350627,-1.0026676471144906
29-5,29,5,1,1,rank,0.3010350677689246,0.1224310393627728,0.4294256757657837,-1.247605911875029,-2.1002079067329325,-0.8453066021288547
29-6,29,6,1,1,rank,0.2742326383971683,0.0983272669892195,0.401537452522019,-1.343798974972925,-2.319453956909018,-0.9124544734172738
29-7,29,7,2,0,rank,0.2326103326242979,0.0483208046615571,0.5234353213622163,-1.601034992481123,-3.029893329905533,-0.6473418082929325
29-8,29,8,1,1,rank,0.2099139696414608,0.0628322707674301,0.3188420864367339,-1.620085179548324,-2.76729114069593,-1.1430593258059365
29-9,29,9,1,1,rank,0.2884997392366252,0.1132827080204464,0.4064868456853672,-1.282710521505,-2.1778687666558043,-0.9002037131041908
29-10,29,10,2,0,rank,0.175450923403612,0.0296853123263784,0.4073934201527862,-1.9421266310895249,-3.5171029205026514,-0.8979759532173723
29-11,29,11,0,0,rank,1.0,1.0,1.0,0.0,0.0,0.0
30-1,30,1,0,0,rank,1.0,1.0,1.0,0.0,0.0,0.0
30-2,30,2,1,1,rank,0.3156114657987409,0.1185579875484781,0.4458367930762446,-1.203648243029053,-2.132353096724527,-0.8078023299145967
30-3,30,3,1,1,rank,0.0405578497224107,0.0087504692712641,0.0877552049080792,-3.351563294031572,-4.738648761961213,-2.4332041583250876
30-4,30,4,2,0,rank,0.3710341971601485,0.0946045514507899,0.7075092186604599,-1.1023138868068056,-2.358049695638457,-0.3460046537295211
30-5,30,5,1,1,rank,0.0406613220023974,0.008548918521214,0.0884608953310889,-3.3528955615966085,-4.761950493642836,-2.4251947241455283
30-6,30,6,1,1,rank,0.3129931570048702,0.1101971566154863,0.4443084750124366,-1.212674640638873,-2.205484189016333,-0.8112361949112779
30-7,30,7,1,1,rank,0.3126158416234276,0.1112237565200631,0.4501017644074624,-1.216128967361452,-2.1962112825212734,-0.7982815795654424
30-8,30,8,2,0,rank,0.2627599814454247,0.0606438450604306,0.5579394208870013,-1.4721467457551296,-2.802737140244283,-0.5835050091524866
30-9,30,9,2,0,rank,0.1452989268618685,0.0284336196442923,0.3218690298142637,-2.1005303237836945,-3.560183063281558,-1.133610563007616
30-10,30,10,0,0,rank,1.0,1.0,1.0,0.0,0.0,0.0
31-1,31,1,1,1,rank,0.2754664510418663,0.0968762679320204,0.4140060433783918,-1.3457000245040338,-2.3343207288187395,-0.8818747080278755
31-2,31,2,1,1,rank,0.2672524615174593,0.1079877939763907,0.4011169994998187,-1.365365123807616,-2.2257373916774545,-0.9135021290219566
31-3,31,3,1,1,rank,0.2722587287287024,0.0983551372967251,0.4098507288809666,-1.3568322872013026,-2.3191705007044487,-0.8919622622888455
31-4,31,4,1,1,rank,0.3122098181524889,0.1086533775845245,0.4452910951422523,-1.2181052368433785,-2.2195925216887824,-0.8090270715043261
31-5,31,5,2,0,rank,0.0043514548251412,0.0003194993215489,0.0142354039102573,-5.820898727284667,-8.048759804101358,-4.252023189487674
31-6,31,6,1,1,rank,0.2847293203404801,0.0990106925561779,0.4179126092712665,-1.3089414475806531,-2.3125274330480714,-0.8724829372036297
31-7,31,7,1,1,rank,0.2748616467058392,0.1168491391094785,0.4005630775447248,-1.334059363361125,-2.1468717416429195,-0.9148840360033516
31-8,31,8,2,0,rank,0.3256927543621608,0.0835586500273272,0.6300172734710925,-1.2391790367981133,-2.482206498154041,-0.4620081419895442
31-9,31,9,2,0,rank,0.3561592974123639,0.1169850994367369,0.6439341945905522,-1.1243775502013964,-2.1457087183144505,-0.4401587411234736
31-10,31,10,0,0,rank,1.0,1.0,1.0,0.0,0.0,0.0
32-1,32,1,1,1,rank,0.2731432005435971,0.1042983948266965,0.4153443681338413,-1.3507944336615263,-2.260499340583487,-0.8786473057460409
32-2,32,2,1,1,rank,0.0902973570218319,0.0262680507052928,0.16231911013308,-2.495233047811131,-3.6394018860466377,-1.818191066805999
32-3,32,3,1,1,rank,0.3129811432822472,0.1093348660491781,0.446503868090765,-1.2159815073883264,-2.213340102174759,-0.8063072161457543
32-4,32,4,1,1,rank,0.0915754921584709,0.0222393937345045,0.1645937906528743,-2.4934085115946183,-3.8058902710047264,-1.8042747341035137
32-5,32,5,1,1,rank,0.2225545527285579,0.0795004277478331,0.3539620905470019,-1.5634916904243448,-2.5319928892467964,-1.038565460507351
32-6,32,6,1,1,rank,0.142144909655857,0.0396243332214546,0.2346702576491637,-2.032182257609263,-3.228311948504809,-1.4495739091285085
32-7,32,7,1,1,rank,0.059881112375862,0.0159390872573516,0.1163246811752865,-2.928707874939597,-4.138980920167379,-2.151370023655539
32-8,32,8,1,1,rank,0.2040764424831679,0.0584395977300363,0.317767207552909,-1.6548029166550209,-2.8397615783388237,-1.146436230916786
32-9,32,9,1,1,rank,0.3062698205544161,0.1219617516276994,0.4483248927283818,-1.2393448722836935,-2.1040477984153108,-0.8022371192873813
32-10,32,10,0,0,rank,1.0,1.0,1.0,0.0,0.0,0.0
32-11,32,11,0,0,rank,1.0,1.0,1.0,0.0,0.0,0.0
33-1,33,1,0,0,rank,1.0,1.0,1.0,0.0,0.0,0.0
33-2,33,2,2,0,rank,0.0417900066998301,0.0056318740028195,0.1518521326036251,-3.4915964559616883,-5.179313115762062,-1.8848482867205063
33-3,33,3,2,0,rank,0.3371612832842254,0.0640268618120806,0.6483861995044927,-1.2150682439534517,-2.748452570942209,-0.4332690180071942
33-4,33,4,1,1,rank,0.151232251656433,0.0461922970500621,0.2307335781682429,-1.9534398625711071,-3.074942299206281,-1.4664915768901674
33-5,33,5,1,1,rank,0.2700947139633797,0.0882191875291591,0.4034062891887979,-1.3615932184815542,-2.4279308750590114,-0.90781106381713
33-6,33,6,1,1,rank,0.1141568334236823,0.0288846347836508,0.1893956493803247,-2.2603575275212777,-3.544446137649974,-1.6639171076476222
33-7,33,7,1,1,rank,0.3207650108934309,0.1369982097728725,0.4466950270763722,-1.1782233032611016,-1.9877874221901393,-0.8058791867775702
33-8,33,8,0,0,rank,1.0,1.0,1.0,0.0,0.0,0.0
33-9,33,9,0,0,rank,1.0,1.0,1.0,0.0,0.0,0.0
34-1,34,1,0,0,rank,1.0,1.0,1.0,0.0,0.0,0.0
34-2,34,2,2,0,rank,0.1968948471602271,0.0454991559515679,0.4487487711893754,-1.772406580053629,-3.090062080344026,-0.8012923254208492
34-3,34,3,1,1,rank,0.3006499087690559,0.1143074499736121,0.4343958679417591,-1.2525223987936658,-2.1688635388369177,-0.8337990230194161
34-4,34,4,1,1,rank,0.0578292973318345,0.0128359240766625,0.111786200187924,-2.974455282341088,-4.355507593291517,-2.1911671591124753
34-5,34,5,0,0,rank,1.0,1.0,1.0,0.0,0.0,0.0
34-6,34,6,1,1,rank,0.2760521026521757,0.0965966518951065,0.4083575803248125,-1.3378823161977536,-2.3372112049534888,-0.895612085269352
34-7,34,7,1,1,rank,0.210700891314185,0.0675378887551716,0.3316302015289998,-1.619920972646753,-2.6950665714451474,-1.103734788852479
34-8,34,8,1,1,rank,0.2789780296428165,0.104809173083781,0.4017536458238379,-1.3236637351152984,-2.255614581923017,-0.9119162075136736
34-9,34,9,1,1,rank,0.2954862451634935,0.0995881296299776,0.4444139105996863,-1.2881233159995389,-2.3067123048954787,-0.8109989197529083
34-10,34,10,1,1,rank,0.1217818477761726,0.036299448388435,0.1989892949045449,-2.1791073418943903,-3.3159532467819117,-1.6145042522179938
34-11,34,11,0,0,rank,1.0,1.0,1.0,0.0,0.0,0.0
