event_id,season,week,rule_mode,elim_count,hard_hit_set,hard_hit_all_in_bottomk,hard_hit_k1_exact,hard_stage1_hit_bottom2,hard_stage2_hit_pred,use_two_stage,ppc_p_mean,ppc_p_q025,ppc_p_q975,ppc_logp_mean,ppc_logp_q025,ppc_logp_q975,pi_hdi_width_mean,pi_hdi_width_median,pi_sd_mean,pi_sd_median,pi_mean_max,pi_mean_min
1-1,1,1,rank,0,1,1,,,,0,1.0,1.0,1.0,0.0,0.0,0.0,0.5057959368099113,0.49905862036831117,0.17466709762801522,0.17201948398909805,0.2013070722304373,0.1365162208708877
1-2,1,2,rank,1,0,0,0.0,,,0,0.1800938198589016,0.0536050599394228,0.310906762192085,-1.7909570760417,-2.9261118230155065,-1.1682623348669274,0.4875606197561093,0.522814830637901,0.16927523094299787,0.17799463022532494,0.2122960528334085,0.1013607279018936
1-3,1,3,rank,1,1,1,1.0,,,0,0.476584215504973,0.1822041137217378,0.7207929126497911,-0.7898151215548997,-1.7026277533604732,-0.3274034233378513,0.5747728427657695,0.5870923618822311,0.19238389932550806,0.1962428328692418,0.2478794171313108,0.15573289047911
1-4,1,4,rank,1,0,0,0.0,,,0,0.1909349467490375,0.0608470329060864,0.3011166330581584,-1.7259503329401813,-2.7993922234834807,-1.200257604072857,0.6730727407445009,0.7327198577761529,0.21480892939349022,0.2294348905345407,0.2822948304805543,0.1668186254707524
1-5,1,5,rank,1,1,1,1.0,,,0,0.5385150149736343,0.3240767446289861,0.7401379755827557,-0.6465324691074225,-1.1267749250998893,-0.3009186600341894,0.8093763013986631,0.829075619274147,0.24806382373558755,0.2520628657019737,0.3731369940309055,0.2827217243719701
1-6,1,6,rank,0,1,1,,,,0,1.0,1.0,1.0,0.0,0.0,0.0,0.95897910506033,0.95897910506033,0.2950171100357553,0.2950171100357553,0.513225369363076,0.486774630636924
2-1,2,1,rank,1,0,0,0.0,,,0,0.2990543362831941,0.0953074414059065,0.5411617576196053,-1.281490398099754,-2.350650022276455,-0.6140370843233973,0.30062164381262,0.31196068299083896,0.12058309164825035,0.12492986087885234,0.1481683120866563,0.057928350549005
2-2,2,2,rank,1,0,0,0.0,,,0,0.2979347919053645,0.0924085376992751,0.5385998434171376,-1.2862414528096742,-2.38153598413953,-0.6187823908056231,0.33574281717537485,0.3496843352935743,0.1280233654654658,0.1344594702876409,0.1613293012576428,0.0658117178550187
2-3,2,3,rank,1,0,0,0.0,,,0,0.1469968094793699,0.0408506754967452,0.2686274528001611,-2.001722762316495,-3.197832003559524,-1.3144297945170027,0.3694742945154668,0.3694739853068585,0.13787940340179528,0.1399898014689649,0.1815228188227853,0.0690485715529901
2-4,2,4,rank,1,1,1,1.0,,,0,0.4406529120246486,0.1328605732199795,0.6944848673473134,-0.8849848961562821,-2.018455072266478,-0.3645849651697557,0.4312887103520081,0.4297831827699267,0.15555640849923352,0.1564548034547991,0.1976621509789317,0.1180679460492594
2-5,2,5,rank,1,1,1,1.0,,,0,0.4784854394201721,0.1718252588766393,0.7296704774721904,-0.7870919199968321,-1.7612772571772877,-0.3151622474949024,0.4878047644107589,0.48811480792609935,0.16972557273219277,0.17078360585902103,0.2344868383206124,0.1146724635112794
2-6,2,6,rank,1,1,1,1.0,,,0,0.3942733150108007,0.1422042847742088,0.6189648220894018,-0.9869128065545956,-1.950490635331399,-0.4797069190081957,0.5706147771825136,0.5711877631519615,0.19051495266165291,0.1943106849975619,0.2731583665404124,0.1488662555731291
2-7,2,7,rank,1,0,0,0.0,,,0,0.3279257611653084,0.1214165932749439,0.5072472637455415,-1.1721778974456956,-2.1085277467618,-0.6787567024108538,0.6617845400283988,0.6629088567888373,0.2125411336893701,0.21351232890469213,0.3420295290562708,0.1790193206775879
2-8,2,8,rank,0,1,1,,,,0,1.0,1.0,1.0,0.0,0.0,0.0,0.8243314570626583,0.7944593553131322,0.25371519280636085,0.2463617080869623,0.3940147205530724,0.3025972062720253
3-1,3,1,percent,1,1,1,1.0,,,0,0.0931254154114908,0.0799230076535987,0.0982753776828922,-2.375321197393964,-2.5266915120480715,-2.3199817646632543,0.2834728616168873,0.277986583354201,0.11813061309619645,0.1168203466853848,0.1013948573835841,0.081403370762113
3-2,3,2,percent,1,0,0,0.0,,,0,0.1006657849290489,0.0839669406188803,0.1063770298503191,-2.297851389242807,-2.4773322453177062,-2.240765610315913,0.3047529720386056,0.30232599335578836,0.12460207770940049,0.1252218198220708,0.1136686523856702,0.0919248454407013
3-3,3,3,percent,1,1,1,1.0,,,0,0.1120187619722321,0.0927829972939841,0.1190788197573523,-2.191203314527255,-2.377492160348604,-2.127969654234259,0.3426619757113343,0.3350901091261194,0.13458384432856882,0.1339221840328338,0.12160092239578,0.1007754842029381
3-4,3,4,percent,1,0,0,0.0,,,0,0.1260728394398987,0.1020263473377404,0.1349867402770137,-2.073257638892199,-2.2825242217057826,-2.0025787255399914,0.38511262548135516,0.3832779507989606,0.14472793922257018,0.14449593819280454,0.1352501077275422,0.1126423100445485
3-5,3,5,percent,2,0,0,,,,0,0.0483129756071369,0.0352517950186894,0.0562041617235193,-3.036434988554216,-3.3452388322061997,-2.878764472909879,0.4373306898138564,0.435493823641153,0.15755316281846604,0.1564739864551054,0.1597952412966621,0.1316502384815335
3-6,3,6,percent,0,1,1,,,,0,1.0,1.0,1.0,0.0,0.0,0.0,0.5965771471548307,0.6099780161281814,0.19736777001884867,0.1997251704391368,0.2110023991848792,0.187982700087834
3-7,3,7,percent,1,1,1,1.0,,,0,0.2057155377971586,0.1517620413410876,0.2290311017011369,-1.5859961938987424,-1.8854415105718487,-1.4738974694553182,0.5905131704608716,0.6055569275693143,0.19616093382900068,0.1980121899438044,0.2142836301001775,0.1785228231156594
3-8,3,8,percent,1,1,1,1.0,,,0,0.2545941040121972,0.1835340738592624,0.2889891461973372,-1.3742570465595274,-1.695355253840189,-1.241366148782717,0.6893949200431623,0.7009928329425132,0.220096410624383,0.22277656927456113,0.2681740722632528,0.2231126948788747
3-9,3,9,percent,1,1,1,1.0,,,0,0.3393784902268402,0.2363844838576121,0.3999991237123084,-1.0896375841282926,-1.4422956315737807,-0.9162929226079032,0.8258441664037769,0.8450928585202162,0.2549457074966944,0.2587892540292249,0.3504884638357067,0.299916123349024
3-10,3,10,percent,0,1,1,,,,0,1.0,1.0,1.0,0.0,0.0,0.0,0.9574029355908624,0.9574029355908624,0.2899265548678049,0.2899265548678049,0.5031592081370369,0.4968407918629631
4-1,4,1,percent,0,1,1,,,,0,1.0,1.0,1.0,0.0,0.0,0.0,0.28518337005346056,0.2838248579365415,0.11701407381790237,0.1150852469059699,0.0993343352027588,0.0851875168038222
4-2,4,2,percent,1,0,0,0.0,,,0,0.0913579342425606,0.0747724579841282,0.0962663952791562,-2.394903400323282,-2.5933056762834683,-2.340635979844358,0.28372103133216425,0.2795706092416616,0.11899911756954965,0.1190603609760847,0.0975138959803485,0.0846418133746975
4-3,4,3,percent,1,0,0,0.0,,,0,0.1005600232265985,0.0829049324557989,0.1064245555633188,-2.298993087084429,-2.4900607198028486,-2.2403189433781563,0.30860872963712543,0.3095832187338251,0.12561858402958082,0.12693913440246618,0.1084811962925795,0.0933468219815858
4-4,4,4,percent,1,1,1,1.0,,,0,0.113285623433788,0.0943885191412789,0.120826224337409,-2.180014549993591,-2.360335842857717,-2.1134019281861187,0.3446201268824834,0.3406203334109495,0.13562699115844615,0.136755417069029,0.1191926521859276,0.1018763146420082
4-5,4,5,percent,1,1,1,1.0,,,0,0.1292193001231998,0.1037648896150725,0.1393445321068427,-2.048900701928323,-2.2656276168059053,-1.9708057643827936,0.38340207925909253,0.3851041781931997,0.14514914277178256,0.1446895504497202,0.1346095670242107,0.1160012993500823
4-6,4,6,percent,1,0,0,0.0,,,0,0.1444891882712682,0.1147728176226531,0.1558725576878559,-1.9374903752315973,-2.1648009201428313,-1.858716543613542,0.440498096758209,0.4448004539171685,0.15953886173609017,0.160986695762748,0.1508324447077935,0.1288276553645408
4-7,4,7,percent,1,0,0,0.0,,,0,0.1699603244856113,0.1306625367894974,0.1861433939155265,-1.7760598389957818,-2.035137466686388,-1.681237967304957,0.5049841741299039,0.5170679084987959,0.17616205954862404,0.17774957902308797,0.1742772778622669,0.1515067490677025
4-8,4,8,percent,1,1,1,1.0,,,0,0.2073085946495953,0.1537203804995981,0.2312377181072828,-1.5784929560038354,-1.8726200397960433,-1.4643090162830683,0.5894670366646599,0.6136379735603504,0.19765643263737723,0.2009302665871655,0.2112237352676278,0.1823573382154667
4-9,4,9,percent,1,1,1,1.0,,,0,0.2535226024284023,0.1806815658893086,0.2881894362527973,-1.3787834571189048,-1.711019102121947,-1.2441372505508237,0.7080273633068871,0.7190702198103112,0.2233606609490833,0.22564283310334804,0.2652784770777536,0.2287103198305768
4-10,4,10,percent,0,1,1,,,,0,1.0,1.0,1.0,0.0,0.0,0.0,0.8279812884475418,0.831559037374843,0.25700084124518946,0.2563851847411291,0.3348056145181342,0.3320793722035849
5-1,5,1,percent,1,1,1,1.0,,,0,0.084512388023965,0.0713353923144607,0.0888598995932742,-2.4724814138917877,-2.6403627760667803,-2.4206943117147266,0.2568949537584196,0.25257884746622,0.1107255140286776,0.10951347625593415,0.0919124350530825,0.0783157117763023
5-2,5,2,percent,1,0,0,0.0,,,0,0.091316518576837,0.0769702781837219,0.0961016799041764,-2.3950514699242573,-2.5643359569625654,-2.3423484830352637,0.27975288769645107,0.2761618123818047,0.11734830609159906,0.1170960102348616,0.1007141843800461,0.0852887015696215
5-3,5,3,percent,1,1,1,1.0,,,0,0.1019193257697865,0.0849978196747189,0.10806797352089,-2.285402908831124,-2.465129674631197,-2.224994865660884,0.31407014850224735,0.3069726018325635,0.12708440276665905,0.12449036104488755,0.1082860542252803,0.0899669537838003
5-4,5,4,percent,1,1,1,1.0,,,0,0.1125026474984696,0.0930956477936534,0.1196974479598999,-2.186937701684293,-2.374127961552184,-2.122787986966142,0.34402421473925116,0.3322384877221857,0.1344973917138742,0.1332119698115834,0.1241180120354911,0.1003837304911519
5-5,5,5,percent,1,1,1,1.0,,,0,0.1269939976511502,0.1035277436911954,0.1364899454846095,-2.06609477932584,-2.2679156688091493,-1.9915043265466736,0.38533975556740485,0.3798877532713604,0.14528172157503777,0.14388430171045818,0.1333975895501604,0.11534539943711
5-6,5,6,percent,1,0,0,0.0,,,0,0.1441729280034555,0.1127892138558541,0.1553284883580092,-1.939830793581168,-2.182234566786167,-1.8622131248395128,0.43956867581197534,0.4483494787757313,0.1592745914328774,0.1582943959603755,0.1539148466847465,0.1287279176244795
5-7,5,7,percent,1,1,1,1.0,,,0,0.1686050721809281,0.1298095373844225,0.1839479764304229,-1.78387152637969,-2.0416870604770496,-1.6931022990371785,0.5107640002378471,0.5174949379935972,0.17471401671240716,0.1769690331847873,0.1747840511605071,0.151209702199528
5-8,5,8,percent,1,1,1,1.0,,,0,0.2027494834081607,0.1527858567588023,0.2251933284404997,-1.6003799693543117,-1.8787179969173984,-1.4907960082394307,0.5925319208024333,0.6111792606559612,0.19577429908007435,0.2006576444622726,0.2098214101280367,0.1789935627221754
5-9,5,9,percent,1,1,1,1.0,,,0,0.2532145120550694,0.181696974815246,0.288167724178307,-1.380124888624811,-1.7054151690794892,-1.244212592743395,0.7129503324752604,0.727714915971905,0.22445658632066084,0.2274131487440511,0.2597784312079489,0.2288554947280094
5-10,5,10,percent,0,1,1,,,,0,1.0,1.0,1.0,0.0,0.0,0.0,0.8435607929409454,0.8468938356639331,0.2594893616491089,0.2586715782993972,0.3398908880582136,0.3291576481434923
6-1,6,1,percent,0,1,1,,,,0,1.0,1.0,1.0,0.0,0.0,0.0,0.2567378468281374,0.2504712243007261,0.11044697691624035,0.1090635171587497,0.0942516526736489,0.0787151759386455
6-2,6,2,percent,2,1,1,,,,0,0.0156407772445731,0.0125024608449586,0.0171763203599666,-4.160829061911751,-4.381829822435424,-4.064223566991371,0.25566762734752646,0.2561477962213022,0.11035748307828896,0.11138320917654645,0.0939371432767796,0.0753371089262062
6-3,6,3,percent,1,0,0,0.0,,,0,0.1008283428373407,0.0838123245156052,0.1066683564024324,-2.2962045957791126,-2.479175221610681,-2.238030730734514,0.30675233716372724,0.30589549524763765,0.12557135846525672,0.12421294021133684,0.1114316435839811,0.0918343962933729
6-4,6,4,percent,1,1,1,1.0,,,0,0.1135390972553867,0.0948660607168618,0.1207479135652611,-2.1774214865882406,-2.3552892694075007,-2.1140502656049405,0.3395083670034529,0.3381070128503721,0.13507738409622141,0.136437523826313,0.1201591622963048,0.09748089400617
6-5,6,5,percent,1,1,1,1.0,,,0,0.1268677887844524,0.1015589241876644,0.1359627021139039,-2.0674624731468096,-2.2871161213481535,-1.9953746800231331,0.39028661288087896,0.3908083868024065,0.1467517176255306,0.146728746908168,0.1337736863463798,0.1151842599094238
6-6,6,6,percent,1,1,1,1.0,,,0,0.1458130018200519,0.1138579580187241,0.1579069922905022,-1.92844804374866,-2.1728035932808374,-1.8457490760397448,0.4398009207438617,0.4327700140466703,0.15945128976051923,0.1562270274666472,0.157102774196415,0.1311293920803452
6-7,6,7,percent,1,1,1,1.0,,,0,0.1680222340681585,0.1282095553735861,0.1837433327280358,-1.7876169425701331,-2.054089204127778,-1.6942154265867149,0.5073284459768068,0.5083750273185905,0.17686934700003754,0.1766095073818018,0.1807701571124197,0.1528682477966188
6-8,6,8,percent,1,1,1,1.0,,,0,0.2025876925203713,0.1506589210968849,0.2244846617733987,-1.6011446130907148,-1.89273679788697,-1.4939478958632209,0.5916101700189224,0.6007932671258772,0.19578778659458104,0.199912327393709,0.2124913277343046,0.1762371571808827
6-9,6,9,percent,1,1,1,1.0,,,0,0.2561970675668635,0.1851237924919787,0.2905488868022461,-1.3678496783538217,-1.6867305724629242,-1.2359834321061216,0.6949470475160382,0.7146590791818325,0.22198498342539028,0.2254966420259544,0.2684727530447983,0.2192492997589619
6-10,6,10,percent,0,1,1,,,,0,1.0,1.0,1.0,0.0,0.0,0.0,0.8315722581124919,0.8232747546788612,0.25569147944510817,0.2544166403606832,0.3438519649895432,0.3276945919001955
7-1,7,1,percent,2,0,0,,,,0,0.0131629977973113,0.0106864502126037,0.0143146593493213,-4.332932366372258,-4.538778675400934,-4.24647113862213,0.23870324177297403,0.237548282998,0.1049615154465948,0.107416086500226,0.0842821338019012,0.0694234210622381
7-2,7,2,percent,2,0,0,,,,0,0.0184349231654389,0.0144451522198494,0.0203351014130829,-3.997018525110772,-4.2373964093019305,-3.895406753181736,0.2824748074690781,0.2880781941421118,0.11853116590369149,0.1186354789425366,0.0988113360451736,0.0830942047878551
7-3,7,3,percent,0,1,1,,,,0,1.0,1.0,1.0,0.0,0.0,0.0,0.3476866778835894,0.3345973433515232,0.13438962692208928,0.1325449787878963,0.1215779513253974,0.1041275342628837
7-4,7,4,percent,1,1,1,1.0,,,0,0.1131247517818855,0.0932813556366791,0.1203384263792636,-2.1814324111770675,-2.3721350680971462,-2.117447285790406,0.34785706583854226,0.335578636404513,0.13508021387991473,0.1323362218956692,0.12084348043818,0.0995273531670339
7-5,7,5,percent,1,1,1,1.0,,,0,0.126353795503367,0.1019589433430745,0.1355215146029456,-2.071391270125419,-2.2831850638466644,-1.998624872436643,0.3931902853659723,0.39253267073512066,0.1476837863119238,0.14577355451767204,0.1373660152608173,0.1165045459591654
7-6,7,6,percent,1,1,1,1.0,,,0,0.1476522191035572,0.1163602906768992,0.1604372981325496,-1.9160926466941952,-2.151063947475917,-1.829852078925858,0.43823788846250017,0.4477462408708845,0.15798867034378955,0.1591772345050889,0.1524247962186856,0.1301167575783354
7-7,7,7,percent,1,0,0,0.0,,,0,0.1679306481693139,0.1263992640865472,0.1838733568427888,-1.7883300131681736,-2.0683096253981392,-1.693508036505804,0.5121611947643624,0.5123946786660019,0.17659894571683274,0.17660105427555714,0.1778741897533728,0.1557419175047782
7-8,7,8,percent,1,1,1,1.0,,,0,0.2035257742976679,0.1517260954969477,0.2256919843831102,-1.5966367723751331,-1.885678412482927,-1.488584111124635,0.5990804073664038,0.6154220797683758,0.19738912598865657,0.2017403103730708,0.2135845098945647,0.1778064931284606
7-9,7,9,percent,1,1,1,1.0,,,0,0.2561772941012343,0.1839267935199225,0.2917367169648983,-1.368246608627221,-1.6932175981722577,-1.2319035379332084,0.6978748170608338,0.7132295260752769,0.22110757139859136,0.22420979390684184,0.261661622738199,0.2251151818424509
7-10,7,10,percent,0,1,1,,,,0,1.0,1.0,1.0,0.0,0.0,0.0,0.8304598925525747,0.8315303284328309,0.25498081923321775,0.2546726795630832,0.3364056917422484,0.3293020206649212
8-1,8,1,percent,0,1,1,,,,0,1.0,1.0,1.0,0.0,0.0,0.0,0.2377216584837391,0.2301921582228228,0.10664213550044316,0.103053731125679,0.0841784821663941,0.0731632505711658
8-2,8,2,percent,1,0,0,0.0,,,0,0.0775554340523717,0.0674632586169763,0.0810090489144663,-2.557963620107161,-2.696172147804887,-2.5131944155656023,0.23771889600604976,0.2333996116367202,0.10549216308622887,0.1042102046227622,0.0873123520063247,0.0707744096332298
8-3,8,3,percent,1,0,0,0.0,,,0,0.0845780224048742,0.0725952017402644,0.0888035558166939,-2.471474539993983,-2.622856453416215,-2.421328586806609,0.2555779483808582,0.24986461249692235,0.11181952975527547,0.1113523709284526,0.0944245671822388,0.0764603285030908
8-4,8,4,percent,2,1,1,,,,0,0.0190353390161858,0.0147150072547697,0.0210940853612042,-3.9649736818568697,-4.218887416090844,-3.858762592431205,0.28128507906208605,0.2818383250600917,0.11868221147663792,0.117436032590442,0.1000032630544954,0.08227111498252
8-5,8,5,percent,1,0,0,0.0,,,0,0.1120765409559872,0.0918122450262561,0.1190653108618767,-2.1907381254883553,-2.388009638729782,-2.128083105653128,0.3476532954554361,0.3443752767821726,0.13663771615642845,0.1368061368630936,0.1227639685653524,0.1005030265535779
8-6,8,6,percent,1,1,1,1.0,,,0,0.1282552918739558,0.102898082988051,0.1381064707912944,-2.0563849479186347,-2.2740162805301307,-1.9797303638275767,0.38941103881614875,0.38507967921500996,0.1468717749491529,0.14553603387543879,0.1340706233830159,0.1166421491595055
8-7,8,7,percent,1,1,1,1.0,,,0,0.1457974476788058,0.1118397444163295,0.1579663963852753,-1.928818574476928,-2.1906882861881716,-1.8453729496952904,0.4414879070987943,0.4368264449644825,0.15930812454154514,0.1619897400931488,0.1504176614937076,0.1328748469004414
8-8,8,8,percent,1,1,1,1.0,,,0,0.1681789641799431,0.1274775436778646,0.1840489422087489,-1.7866584430906098,-2.0598150594288027,-1.6925535665113982,0.5055508892476434,0.5051443382970224,0.1766582587551476,0.1776567668368432,0.1758213703229199,0.1539899078435824
8-9,8,9,percent,1,0,0,0.0,,,0,0.2026676793479965,0.1498502449682333,0.2247363829310684,-1.6010282430891392,-1.898118862643194,-1.4928271951065233,0.5922913736496759,0.6169132303524827,0.19674534282138817,0.2038608388905388,0.2119341049057747,0.179961308425218
8-10,8,10,percent,1,1,1,1.0,,,0,0.2581429190139414,0.1893324364157534,0.2934583135530111,-1.3600060766163884,-1.66425116063274,-1.2260196826990848,0.6953576633853937,0.7207193698743166,0.22097905884080124,0.2263548454964284,0.2633255938536893,0.2215999220858377
8-11,8,11,percent,0,1,1,,,,0,1.0,1.0,1.0,0.0,0.0,0.0,0.8339995575104351,0.8291596461829167,0.25674723716675557,0.2562556807986453,0.3365000552291162,0.331273393290014
9-1,9,1,percent,2,1,1,,,,0,0.0085300719362742,0.0070692489901632,0.0091498423973462,-4.766212938001944,-4.952001032131418,-4.694018624191307,0.19223343808646623,0.19244715920011785,0.09103580924470588,0.09208942843720555,0.0699375474283766,0.0562917023159785
9-2,9,2,percent,1,1,1,1.0,,,0,0.0720779420154671,0.063621349519361,0.0750555349132756,-2.631090789792527,-2.7548061840275864,-2.589526974041758,0.22168100116543954,0.2194961867580911,0.10026253748712907,0.09952590962232595,0.0795067254639431,0.064520910247258
9-3,9,3,percent,2,0,0,,,,0,0.0131125544238113,0.0105229517385535,0.0142981403646204,-4.336943887480982,-4.5541965380494,-4.247625794671375,0.23873208116117228,0.2298393038520734,0.10573606698235799,0.1051304037826682,0.0852206400327559,0.0697894050667456
9-4,9,4,percent,1,1,1,1.0,,,0,0.0923957635605923,0.0780776517868096,0.0972785153597142,-2.383220081181767,-2.550051465475211,-2.330177122641809,0.2814906413085434,0.2887405824857463,0.11823685099317303,0.1194941354166483,0.0995255461264136,0.0814033322854938
9-5,9,5,percent,1,0,0,0.0,,,0,0.1007952175151432,0.0819112893665868,0.1067199587247583,-2.296868779328215,-2.502118455568779,-2.2375470836177063,0.30963929987982397,0.30828479278425724,0.1268827698484117,0.1258390296598692,0.1081970967043724,0.09312222499467
9-6,9,6,percent,2,0,0,,,,0,0.028691644134917,0.0215619046528136,0.0322883126052117,-3.5557960195689504,-3.8368271948981194,-3.433049953187321,0.34513012291125233,0.35288168433477,0.1367686568283743,0.1395024837604126,0.1213354318326526,0.0994882484390863
9-7,9,7,percent,2,1,1,,,,0,0.049151433216038,0.036150618973302,0.0571026239276068,-3.0191783774351566,-3.320061210990975,-2.8629052101800347,0.44170354640308085,0.4440535088977092,0.1593171439110765,0.1636056671847681,0.1539743447260477,0.1296817793431379
9-8,9,8,percent,1,1,1,1.0,,,0,0.2034177346677512,0.1513357510159707,0.2250492788793974,-1.5970913019704305,-1.888254516170908,-1.4914358848723,0.5970389719852512,0.6113220757938297,0.19765192563219122,0.2008604732773647,0.2104021954699619,0.1764115918064699
9-9,9,9,percent,1,1,1,1.0,,,0,0.2530394183863751,0.1787510624508567,0.2866933811445811,-1.3805358496305775,-1.721761193973092,-1.2493419940230348,0.6953362005127321,0.7125559390465322,0.22366735620896358,0.2265135702406412,0.2643232310708491,0.2227291522998279
9-10,9,10,percent,0,1,1,,,,0,1.0,1.0,1.0,0.0,0.0,0.0,0.8394735679875686,0.8345471353621559,0.25742709750179993,0.2564147379304485,0.3337751715239499,0.3327605357820004
10-1,10,1,percent,0,1,1,,,,0,1.0,1.0,1.0,0.0,0.0,0.0,0.2804848183452129,0.2679123755937397,0.118756198311798,0.1151876875567158,0.1000601587206719,0.0856038996455983
10-2,10,2,percent,1,0,0,0.0,,,0,0.0913656140146489,0.0774149284966409,0.0960070556674594,-2.394372632379218,-2.558575657025538,-2.3433335937009545,0.28134809990714915,0.2772688919907271,0.11765380746970604,0.1161681026919853,0.0994692726318895,0.0809278978108051
10-3,10,3,percent,1,1,1,1.0,,,0,0.1022400247152759,0.0827410475987083,0.1086234252870811,-2.282649914778355,-2.492039457279138,-2.219868192324495,0.31733904628740384,0.3040778633315524,0.1275258473447592,0.12440450883884596,0.1120743829583935,0.0941359748710236
10-4,10,4,percent,1,1,1,1.0,,,0,0.1130993585032587,0.0931685381242557,0.1203521186796357,-2.1815655774487595,-2.3733451883598224,-2.1173335106048508,0.3544191946567168,0.3610253615560558,0.13764515664580476,0.1407788317256126,0.1224358751832096,0.099429970488872
10-5,10,5,percent,1,1,1,1.0,,,0,0.1282276970723198,0.1030580283678647,0.1379017386129968,-2.0565523383131694,-2.272463068052424,-1.981213886623832,0.39017322170998153,0.38940885545328535,0.14829273751244804,0.15078323910561175,0.1324841333935022,0.1160666984931037
10-6,10,6,percent,1,1,1,1.0,,,0,0.1459763860107318,0.1151540057640263,0.1576555171196018,-1.9272130422993023,-2.1614848686613213,-1.8473428976045856,0.4524859974197083,0.4614675590424403,0.16190035875603584,0.1641366601766115,0.1545283852497867,0.1261478749255849
10-7,10,7,percent,1,1,1,1.0,,,0,0.1683275958377562,0.1284751865255082,0.183587742015794,-1.7856796189362476,-2.0520195172972335,-1.6950625679884024,0.5118958060422817,0.5210181103337829,0.17721079281748975,0.17819672425063024,0.1789205763276901,0.1503578342752197
10-8,10,8,percent,1,1,1,1.0,,,0,0.2051268698808433,0.1508123774777391,0.2282542626143851,-1.5890271892100043,-1.891718765540234,-1.4772950845486996,0.601198487690316,0.605968271695044,0.199075462681306,0.2027952150043844,0.2096631122085691,0.1823488814525786
10-9,10,9,percent,1,1,1,1.0,,,0,0.2559515695470654,0.1837521429244802,0.2914303559233394,-1.3693874942913034,-1.6941674800175928,-1.2329542180374342,0.7106347049857891,0.7289290400865474,0.2264749273854532,0.2303702432443484,0.2593787431684296,0.2268691164159667
10-10,10,10,percent,0,1,1,,,,0,1.0,1.0,1.0,0.0,0.0,0.0,0.8440950743686764,0.8490154789613411,0.2589165945068895,0.258833076655525,0.3371028735342575,0.3297385734484236
11-1,11,1,percent,1,0,0,0.0,,,0,0.084299253120937,0.0708509549814444,0.08869362152055,-2.47503717359605,-2.6471768342278557,-2.4225673029564954,0.2578631859843206,0.25101696486067054,0.11078075123551055,0.1084387376067936,0.0905196214370539,0.0780278946556914
11-2,11,2,percent,1,1,1,1.0,,,0,0.0929837415268901,0.0771704356481746,0.0984237089143481,-2.3771339290731044,-2.5617388572812256,-2.3184735604465643,0.28459549733373907,0.2877127463486294,0.1183106167202713,0.1190453671260888,0.0982598839402988,0.0844670174511061
11-3,11,3,percent,1,1,1,1.0,,,0,0.1014815906431439,0.0846842471080814,0.107456597157699,-2.289814988193116,-2.4688256890170996,-2.230668260322533,0.31101362973402874,0.30969534431298584,0.12626058126928547,0.1245306048075769,0.1093782659229923,0.0903026898564546
11-4,11,4,percent,1,1,1,1.0,,,0,0.1136173105009913,0.0931090571534395,0.1212636706280576,-2.177079568335383,-2.3739838178136727,-2.1097880087766647,0.34831001083661,0.3415894082053097,0.1363792567301687,0.1361161800786927,0.1203754896009394,0.1029756741393002
11-5,11,5,percent,1,1,1,1.0,,,0,0.126347686266768,0.1013973010048605,0.1351895879158464,-2.0713559561304176,-2.2887088107792257,-2.001077130903707,0.3874421278980749,0.3883622268784158,0.14681121364563113,0.1485136240328287,0.1349308911376228,0.1142264377721803
11-6,11,6,percent,1,0,0,0.0,,,0,0.1430536963447437,0.112460303548864,0.1540751332235924,-1.947512796176664,-2.1851549822114467,-1.8703149175586984,0.4475108758900186,0.4378719927417306,0.16134884960063456,0.1592995269849453,0.1538348889662593,0.1278050572145425
11-7,11,7,percent,1,1,1,1.0,,,0,0.1682106256246377,0.1294201374822005,0.1834263321191762,-1.7861962069202224,-2.0446913074120356,-1.695942151960541,0.5073824159907129,0.5084058034338188,0.17621341493357776,0.1782178069571414,0.178775902474605,0.1512794100281056
11-8,11,8,percent,1,1,1,1.0,,,0,0.2044284305833208,0.1557725264045302,0.2270488115523154,-1.592064905349982,-1.859358500031322,-1.4825902557689106,0.592400383173181,0.6087400736317907,0.1964875871768032,0.2002137327494547,0.2114984079889924,0.1768411000390174
11-9,11,9,percent,1,1,1,1.0,,,0,0.2533335582579388,0.1837091136319928,0.2875216969211883,-1.3793035692918132,-1.69440170029071,-1.246456954177021,0.696008882151759,0.7164439915280838,0.22214978383791498,0.22710615634985448,0.2609310670542425,0.2231888173728009
11-10,11,10,percent,0,1,1,,,,0,1.0,1.0,1.0,0.0,0.0,0.0,0.8459007123388359,0.8436212952144627,0.25973963794846155,0.2600146143667275,0.336771614923838,0.3309318453635223
12-1,12,1,percent,0,1,1,,,,0,1.0,1.0,1.0,0.0,0.0,0.0,0.282118751763122,0.2821843802273999,0.11821931810596328,0.1179078119871154,0.0990185194864408,0.0857310006308422
12-2,12,2,percent,1,1,1,1.0,,,0,0.0919272074128039,0.0789175486546156,0.0967830749098074,-2.388275596859029,-2.5393517807417485,-2.3352831459660415,0.27964279795627606,0.2791038522338258,0.11845153761874014,0.1178312553731958,0.0986244057418029,0.0825180409923927
12-3,12,3,percent,1,1,1,1.0,,,0,0.1021105763564154,0.0852902984623526,0.1082553343799298,-2.2836182712074216,-2.4616946629278154,-2.2232626350133406,0.3096399082431337,0.3035072285917913,0.12683681201107772,0.12343294140155135,0.1101482129735884,0.0909057082055624
12-4,12,4,percent,1,0,0,0.0,,,0,0.1122203944776289,0.0919243683649436,0.119385795101867,-2.1893827704524105,-2.3867891544509905,-2.125395054097428,0.34540777369534925,0.3462581006091647,0.13461604494528545,0.1343499753571888,0.1182798037983561,0.1014209557370243
12-5,12,5,percent,1,1,1,1.0,,,0,0.126348260088293,0.1003918159749954,0.1356540366184325,-2.0714294422852504,-2.298674590867808,-1.9976474828416213,0.3858067500303576,0.3847750957656215,0.14553979027361244,0.14614378887395735,0.1341807280710881,0.1167378772917283
12-6,12,6,percent,1,1,1,1.0,,,0,0.145596810182116,0.1156628014873505,0.1573596060419376,-1.9296961357138929,-2.15707620638359,-1.8492216084580173,0.4402398952885186,0.4369857771432868,0.15965723566673848,0.1612857035316506,0.1526490435416186,0.1277286591641065
12-7,12,7,percent,1,1,1,1.0,,,0,0.168333847446166,0.1292306775612745,0.1843083589915673,-1.7855061312094938,-2.0461563281303667,-1.691145059981919,0.5066900338817233,0.5105682196843104,0.1760942904268448,0.17817278944059556,0.1748859259834219,0.153461850199182
12-8,12,8,percent,1,0,0,0.0,,,0,0.201729440261556,0.1490894107622903,0.2240214209379703,-1.6057654490821318,-1.9032090833936,-1.4960136026223432,0.5935999295831238,0.6020171450635629,0.19768538266579744,0.1994670422925568,0.2095497608510836,0.1825723969385922
12-9,12,9,percent,1,1,1,1.0,,,0,0.259934872054059,0.1851728045045314,0.2958163857366436,-1.3537091373771968,-1.686465871748951,-1.2180163356417844,0.705522618405892,0.7213256828776922,0.22366023137454402,0.22639041122698655,0.2631600316634509,0.2228633155669846
12-10,12,10,percent,0,1,1,,,,0,1.0,1.0,1.0,0.0,0.0,0.0,0.8387174847457474,0.8410022885771219,0.2562088590205079,0.2565741819338539,0.3363811957658922,0.3295769929385098
13-1,13,1,percent,1,1,1,1.0,,,0,0.0844167715612415,0.0713094122003835,0.0887168271607174,-2.4736920483153435,-2.6407269518563368,-2.422305699007832,0.2580700632703729,0.24893551227973354,0.11197093205497381,0.1100028867628928,0.0920086855123437,0.0784088004242866
13-2,13,2,percent,1,0,0,0.0,,,0,0.091182300011558,0.0774863714241839,0.0957203173115541,-2.396414985834251,-2.5576532158483323,-2.346324701230948,0.2817533536881215,0.2806249458931782,0.11771509114312008,0.1195552865504649,0.0973022298691695,0.0814122787660125
13-3,13,3,percent,1,0,0,0.0,,,0,0.1003762313650149,0.0840372942076338,0.1059797241229368,-2.300557525430767,-2.476494610207693,-2.244507485027208,0.31173205954264116,0.3074407445726207,0.12557737009202924,0.12449491954453415,0.1082500887166739,0.0913134522728653
13-4,13,4,percent,1,1,1,1.0,,,0,0.1121617731029985,0.0902214467442439,0.119576673820763,-2.1902126185626116,-2.40548812398436,-2.1237974916490296,0.3414172734161797,0.3482911931014345,0.13521028468063842,0.1339970395044877,0.1177980583460448,0.1046620446289092
13-5,13,5,percent,1,1,1,1.0,,,0,0.1274265508471059,0.1028610660851452,0.1367784466654533,-2.062737995473618,-2.2743760742741217,-1.9893928400989065,0.3888951424622128,0.3778661734035099,0.14743902438314435,0.14525718359764825,0.1337653551585239,0.1140391966395198
13-6,13,6,percent,1,1,1,1.0,,,0,0.1459146329496342,0.1126645879738114,0.1583866120564802,-1.928162277432079,-2.183340646883095,-1.8427163231370112,0.44938108073269334,0.4468430715813251,0.16044253772569755,0.1583099372186725,0.1555710008719451,0.1329577315155112
13-7,13,7,percent,1,0,0,0.0,,,0,0.1684973186006109,0.1301773314521147,0.1840619954280252,-1.7845307192527426,-2.0388578067761434,-1.6924826465181122,0.502311803344285,0.5105620321935854,0.175536042466524,0.17843836306786146,0.1742398203048807,0.1529496168727026
13-8,13,8,percent,1,1,1,1.0,,,0,0.204952184506142,0.1502992097585428,0.2287848215479398,-1.5900692499470417,-1.895127249617151,-1.474973361101297,0.5931486734102862,0.6030176992696555,0.19774025241125698,0.2008124842900433,0.2089064800495386,0.1850325168936765
13-9,13,9,percent,1,1,1,1.0,,,0,0.2593669220591044,0.1845272901136047,0.2960122202769226,-1.3559297998945488,-1.6899579215233582,-1.2173545408523918,0.713361375337633,0.720922489386272,0.2254018590154836,0.22922639031284991,0.2609209622729773,0.2262229926012415
13-10,13,10,percent,0,1,1,,,,0,1.0,1.0,1.0,0.0,0.0,0.0,0.8354977528020268,0.8347004857424726,0.258667437480147,0.2584519738977766,0.336130850279525,0.329953813668414
14-1,14,1,percent,0,1,1,,,,0,1.0,1.0,1.0,0.0,0.0,0.0,0.2574242969755575,0.25330447026611935,0.11104232091657519,0.11085524699249795,0.090589118943227,0.0795484360144686
14-2,14,2,percent,1,1,1,1.0,,,0,0.0844743083869143,0.0715950411453999,0.0888286706932329,-2.472808096104414,-2.6367294687597647,-2.421045814683698,0.25703126974165524,0.2510174259987129,0.11067574776763589,0.11058091731773415,0.0920757945603152,0.0790920468520458
14-3,14,3,percent,1,1,1,1.0,,,0,0.0915498437778712,0.0781443799865751,0.0962589623551185,-2.392464563482972,-2.549197152826135,-2.340713194772582,0.2813552006045053,0.2723136084922459,0.11637449045600098,0.1154663154995419,0.1006472462675584,0.0824975680034609
14-4,14,4,percent,1,1,1,1.0,,,0,0.1009705462178521,0.0829515789340641,0.1067181749610805,-2.2949455711269025,-2.4894983232593795,-2.2375637981516316,0.3116643531419629,0.3098805480844619,0.12547590318821783,0.12534066000160599,0.1099674011096773,0.0918667389867611
14-5,14,5,percent,1,1,1,1.0,,,0,0.1132782532266813,0.0920342748506642,0.1208680884075562,-2.180241881433891,-2.3855944493421344,-2.113055506517627,0.34268635237254913,0.3310001473029551,0.13539017388294083,0.1358521442574133,0.1221256086208268,0.1023414711613093
14-6,14,6,percent,1,1,1,1.0,,,0,0.1276467701335376,0.1009759470231429,0.1374755756490916,-2.061397587773338,-2.2928729719045347,-1.9843090092984832,0.3871629897849483,0.37614711809883083,0.1453891187615557,0.14247942282190806,0.1370378604243921,0.1178978973236586
14-7,14,7,percent,1,1,1,1.0,,,0,0.1443656627162726,0.1154480725861299,0.1555520266437112,-1.9382146491793932,-2.158934438193862,-1.8607750272644297,0.4389466298913603,0.4321228757393219,0.1581234522536604,0.1571747146748877,0.1570831796711631,0.1267042772682295
14-8,14,8,percent,2,0,0,,,,0,0.0679621107626051,0.048610282730137,0.0811614798006305,-2.696767131229184,-3.023920193553259,-2.511314531334439,0.49924714957203403,0.5009270584168958,0.1739444324319194,0.1760085282843018,0.1792199885364533,0.1539356687492762
14-9,14,9,percent,1,1,1,1.0,,,0,0.2524617839157656,0.1817008036642687,0.2864260139358724,-1.3828965474040709,-1.7053938863075495,-1.2502750178473023,0.6973963063868898,0.7176212699734611,0.2215050384852169,0.2264678066651504,0.2603602442195869,0.2244955572943647
14-10,14,10,percent,0,1,1,,,,0,1.0,1.0,1.0,0.0,0.0,0.0,0.8267860102531995,0.821125179506367,0.25544044203085786,0.2553207933146874,0.3390146563816419,0.3257373901267264
15-1,15,1,percent,1,1,1,1.0,,,0,0.0776915319482428,0.0663267235139613,0.0813904154330213,-2.5565788080999834,-2.713162406987732,-2.5084977595311635,0.23575481498136494,0.235168249365188,0.1058453768494863,0.1053523050049679,0.0845905882837801,0.0728926809772726
15-2,15,2,percent,1,0,0,0.0,,,0,0.0836355017395828,0.0701804208182577,0.0876742016237928,-2.4829088345386348,-2.656685913296326,-2.4341275890892784,0.26157500129175776,0.26072768916458267,0.11131816591146625,0.11173258479510145,0.0896043809846086,0.0785225913793369
15-3,15,3,percent,2,0,0,,,,0,0.0183667726943391,0.0145233662110141,0.0202117614914427,-4.000650571285432,-4.231996553790864,-3.901490591991523,0.2826083033032818,0.2814246343932163,0.11824386697009662,0.1190557851729165,0.0994842941441867,0.083029860128303
15-4,15,4,percent,1,1,1,1.0,,,0,0.1123500228143795,0.090881223659513,0.1195516982688232,-2.188536040237865,-2.3982019339746223,-2.1240063796678808,0.34978469118256356,0.3442836698112226,0.137816675357589,0.1351755172025735,0.1228973630706315,0.1015859450241987
15-5,15,5,percent,0,1,1,,,,0,1.0,1.0,1.0,0.0,0.0,0.0,0.39002404175935046,0.3858178469517495,0.14706252296645372,0.1467392004445795,0.1327785359974683,0.1192649604028799
15-6,15,6,percent,1,0,0,0.0,,,0,0.1250930298922518,0.0994409620024037,0.1338810800986181,-2.0814099231040344,-2.308191256404723,-2.010803335028442,0.39030862243509534,0.38085660787942766,0.14779745704405597,0.14760079346702026,0.1343365681443786,0.1158494597618059
15-7,15,7,percent,0,1,1,,,,0,1.0,1.0,1.0,0.0,0.0,0.0,0.44096597787606945,0.4431212748059739,0.16071657552799684,0.158309980185593,0.1533417262424016,0.136336657987889
15-8,15,8,percent,2,1,1,,,,0,0.048508611440436,0.0351401282506455,0.0564599591909448,-3.0330301001469766,-3.348411565146492,-2.874223578953762,0.44367965601549597,0.4389968109845341,0.16144651753902747,0.1597674349001864,0.152906129669501,0.1324396528397671
15-9,15,9,percent,2,1,1,,,,0,0.1024318538671063,0.0726758206029731,0.1267257825385196,-2.2885974161550973,-2.6217465495801995,-2.065729724238292,0.592657769879206,0.6087058393226324,0.19628650992284416,0.2033736148805973,0.2134297904974475,0.1828041638090699
15-10,15,10,percent,0,1,1,,,,0,1.0,1.0,1.0,0.0,0.0,0.0,0.8390081233099688,0.8409868892092525,0.2576554930275548,0.2563944453478013,0.3361128999414078,0.3300321679496178
16-1,16,1,percent,0,1,1,,,,0,1.0,1.0,1.0,0.0,0.0,0.0,0.256748861766862,0.2528451717019055,0.11136372762189067,0.11116038186131855,0.0902245140879721,0.0785865666332425
16-2,16,2,percent,1,1,1,1.0,,,0,0.0845620688831587,0.0725025988428516,0.0888585811213072,-2.4718080306101036,-2.624132871666093,-2.420709149183362,0.25899109975337636,0.2505153921356331,0.11196924385735042,0.1131487619307795,0.0902599559314151,0.0782146676297279
16-3,16,3,percent,1,1,1,1.0,,,0,0.0924675142362173,0.0767206130114797,0.0977059983677025,-2.3827685527090328,-2.5675848792843454,-2.325792326073159,0.28223631726169374,0.2774318923805389,0.11774428469322977,0.1169504005121816,0.1003132723813951,0.0859597349494522
16-4,16,4,percent,1,1,1,1.0,,,0,0.1015731017453654,0.0843415839924592,0.1075350347542568,-2.288908220714176,-2.4728804017443617,-2.229938579971641,0.30993790998024495,0.30464695867051217,0.12714428684222753,0.12597118981115724,0.1074466862543152,0.0917933630512491
16-5,16,5,percent,1,1,1,1.0,,,0,0.1133267178261742,0.0938043187150445,0.1206772276426715,-2.179545076157496,-2.3665443931077204,-2.1146358377926795,0.3410102695640881,0.3356735166741537,0.13442064111981733,0.134835740686081,0.1187522852318839,0.0996506401597979
16-6,16,6,percent,1,1,1,1.0,,,0,0.1270880539500435,0.1024340470143145,0.1361773057224942,-2.065350362872945,-2.278536146185818,-1.993797524485437,0.3906292529035709,0.38900563625520856,0.14793536296022033,0.14746569560156142,0.1339551853789478,0.1127520392994056
16-7,16,7,percent,1,1,1,1.0,,,0,0.1479436507565918,0.1152557983153797,0.1606508021894699,-1.914100061988864,-2.1606012876580953,-1.8285222001013264,0.4507139224855093,0.4675403963792929,0.16169182183321265,0.1614500788753254,0.1527211146156759,0.1285388145148475
16-8,16,8,percent,1,1,1,1.0,,,0,0.1707169743984788,0.1304219079007855,0.187305625632096,-1.7716180568022692,-2.036980639809825,-1.675013634574303,0.5106083633619646,0.5179533449533216,0.17684591911192735,0.1791079565567962,0.1729245747688843,0.1532235555507719
16-9,16,9,percent,1,1,1,1.0,,,0,0.2044081850136078,0.1501869781647621,0.227212753311652,-1.592457327496911,-1.8958744199741464,-1.481868462031423,0.5874088766296135,0.6043443645268893,0.19684385761201628,0.2008826079988374,0.2068323255306441,0.1783640481931508
16-10,16,10,percent,0,1,1,,,,0,1.0,1.0,1.0,0.0,0.0,0.0,0.7100273008700867,0.7093294403269045,0.2238787991037893,0.2241396497412762,0.2521550300620482,0.2484590203300725
17-1,17,1,percent,0,1,1,,,,0,1.0,1.0,1.0,0.0,0.0,0.0,0.25645807897773915,0.24630201092523402,0.11167766274585905,0.1095496714617204,0.0890363391661505,0.0792971797200267
17-2,17,2,percent,1,1,1,1.0,,,0,0.0843839186514201,0.0724361326992173,0.0886317451172782,-2.473858477871405,-2.625050033903732,-2.4232651885479473,0.26005317667469696,0.2514875213171543,0.1114818447092394,0.10894894042683685,0.0911833161564532,0.0759179581519286
17-3,17,3,percent,1,1,1,1.0,,,0,0.0926025526653556,0.0777084567417243,0.0978427137088027,-2.3811128917554667,-2.5547912149043013,-2.3243940520803186,0.28085130787298557,0.2743495149728209,0.1173415560575865,0.1168072753682278,0.0975235893712588,0.0854984938882699
17-4,17,4,percent,1,1,1,1.0,,,0,0.1017962214517358,0.0851044670220166,0.107910436536713,-2.2866160156422137,-2.463875982741182,-2.226453687240332,0.31558002650021955,0.3114259620404048,0.12540824333221862,0.1220458861292818,0.1081365413335981,0.0914053199708316
17-5,17,5,percent,1,0,0,0.0,,,0,0.1110003960208997,0.0901453011527052,0.1180007142153988,-2.2005960195231604,-2.406332469235351,-2.137064603655008,0.3461027982075844,0.3344647315648781,0.13418679478741016,0.1330833885285665,0.1203192373707935,0.1042528506059383
17-6,17,6,percent,0,1,1,,,,0,1.0,1.0,1.0,0.0,0.0,0.0,0.3914152648844835,0.3852179967082997,0.14575147954370632,0.14395341224330466,0.1341079372509044,0.1200230346462271
17-7,17,7,percent,1,1,1,1.0,,,0,0.1260136710112027,0.1020245888848927,0.1347903812291063,-2.073874399820475,-2.2825414681691867,-2.004034438921966,0.39250985470388483,0.39897422066519833,0.14492983986533423,0.146748286096932,0.1321292777324644,0.1130708751244622
17-8,17,8,percent,1,1,1,1.0,,,0,0.1441556893982624,0.1144219918808489,0.1553661945841718,-1.939760590334172,-2.1678620148947023,-1.8619704027865225,0.4461372076383973,0.4661856580145114,0.15958504432291115,0.1638506013657618,0.1508692002877428,0.1274626321278154
17-9,17,9,percent,1,0,0,0.0,,,0,0.1667872999613842,0.1279069036164172,0.1817763537880944,-1.7949107902839323,-2.056452668138671,-1.7049781732944709,0.4996729545256662,0.5112689606522889,0.17303031186998055,0.1762414439226959,0.174477543950348,0.1536608023192521
17-10,17,10,percent,1,1,1,1.0,,,0,0.203791902677896,0.1514803820449435,0.2262822933616338,-1.595274294009872,-1.8872997747372036,-1.48597197352832,0.5890931867254711,0.6027538071276712,0.1945043770413021,0.1987420037196693,0.2083803678109083,0.1786069808652076
17-11,17,11,percent,0,1,1,,,,0,1.0,1.0,1.0,0.0,0.0,0.0,0.6983574565803332,0.697554432934816,0.222378116251188,0.2232199681500688,0.2540884428077536,0.2438398873296984
18-1,18,1,percent,1,0,0,0.0,,,0,0.084136592838367,0.071243637788392,0.0884334267553733,-2.476952483538543,-2.6416497697107895,-2.4255052500957945,0.26055004510563345,0.25789247895341416,0.1112331437141444,0.11123586021699744,0.088483602425674,0.0799946284347169
18-2,18,2,percent,2,1,1,,,,0,0.0186925664247031,0.0147507883364534,0.0206641756573168,-3.98298163652754,-4.216458799162302,-3.879353723710716,0.28026017324127567,0.2768247604634709,0.11760493976461403,0.1179032106586349,0.0977394765088964,0.0823088991503532
18-3,18,3,percent,0,1,1,,,,0,1.0,1.0,1.0,0.0,0.0,0.0,0.34634236016198305,0.3473969148995404,0.13628290459124115,0.1372010664509634,0.1156460813647056,0.1059648053417157
18-4,18,4,percent,0,1,1,,,,0,1.0,1.0,1.0,0.0,0.0,0.0,0.34699238573318847,0.3385686589182309,0.13528827798214238,0.1356987710405488,0.1170240887004074,0.1063911466575303
18-5,18,5,percent,1,0,0,0.0,,,0,0.1119571100505455,0.0910422489503982,0.1191060298104833,-2.1918766219103736,-2.39643161458135,-2.127741175781492,0.3446294979268569,0.35474627316629,0.13534037411495808,0.1329197100025578,0.1179159106740861,0.1025680274780536
18-6,18,6,percent,1,1,1,1.0,,,0,0.1264692328503069,0.1014938885588114,0.1355249302820248,-2.0704328373393848,-2.2877567487984427,-1.9985996682685472,0.38704179134825206,0.39432048594960345,0.14664909287269612,0.14775643597285382,0.1324620706485682,0.1140089096008332
18-7,18,7,percent,1,1,1,1.0,,,0,0.144622669616052,0.1126389895792928,0.1563583733045698,-1.9369055716751944,-2.183567640891654,-1.85560464169808,0.4445304165630669,0.4416476429798092,0.15951343485984845,0.1595352804914322,0.1526153333387767,0.1318653146120262
18-8,18,8,percent,1,1,1,1.0,,,0,0.167791005538807,0.1267907042461311,0.1832782456161325,-1.7890341182808829,-2.065217552945543,-1.6967498130354572,0.5140532833112588,0.5128088176887948,0.1778267684113363,0.17842202951425717,0.1727292304638064,0.1526081635632581
18-9,18,9,percent,1,1,1,1.0,,,0,0.2027702877133867,0.1543866496728928,0.2243110771462246,-1.600015793968176,-1.8682951958646783,-1.4947214533157618,0.5874235036243436,0.6073960545286669,0.19471600186487759,0.198178815815383,0.2102484419133359,0.1746191850833255
18-10,18,10,percent,0,1,1,,,,0,1.0,1.0,1.0,0.0,0.0,0.0,0.7139732143285522,0.7149188818728966,0.2257891366325432,0.22504153714495173,0.2523169880612388,0.2484334784035248
19-1,19,1,percent,1,0,0,0.0,,,0,0.0778852959350883,0.0666783424109067,0.0815527875848767,-2.5539934496857724,-2.707875086809811,-2.5065047680580648,0.23648995453571672,0.2364802016115445,0.1059734501909771,0.1035114271775776,0.0830420109047919,0.0718171793916682
19-2,19,2,percent,1,0,0,0.0,,,0,0.0840526417816377,0.0725303026951706,0.0879862303692071,-2.4776579102781913,-2.6237508593435983,-2.430574950011736,0.2592525203256045,0.2632480822724751,0.11160981067359659,0.11172533248891514,0.092540621063159,0.0737032656962846
19-3,19,3,percent,1,1,1,1.0,,,0,0.0918273411056916,0.0755094098943884,0.097179127359969,-2.3899070641600977,-2.58349804124432,-2.3311993296725793,0.2881934835361656,0.285928038716205,0.11859373725847697,0.1177592815552182,0.0970986518552675,0.0853555287202822
19-4,19,4,percent,1,0,0,0.0,,,0,0.1009706096518575,0.0840039770257181,0.1067124422796227,-2.2948306206388542,-2.476891137639486,-2.237617517601174,0.31217739599553224,0.3194421748743217,0.1270377160433513,0.1281618446033608,0.1052114090083528,0.0913156228641696
19-5,19,5,percent,0,1,1,,,,0,1.0,1.0,1.0,0.0,0.0,0.0,0.3444211800952406,0.3415703372695189,0.1349169817629108,0.1347201942351301,0.1169219603382572,0.106187250646065
19-6,19,6,percent,1,0,0,0.0,,,0,0.1115773434938694,0.0903534036812065,0.1186269439282157,-2.1953881470996968,-2.4040265965011116,-2.1317716350203413,0.3478293053608599,0.345071235528391,0.13507401504676253,0.1337418974209882,0.1185421270011514,0.1046151275479984
19-7,19,7,percent,1,0,0,0.0,,,0,0.126247251667778,0.1006596015234775,0.1355019475528545,-2.072299068140345,-2.296010736486833,-1.998769265762527,0.3891806269748066,0.3958121957675052,0.14730584757914378,0.14909846075990174,0.1308654063547244,0.1179082039963319
19-8,19,8,percent,1,1,1,1.0,,,0,0.1473143159621167,0.1173669646729304,0.1596685269720584,-1.9180876230752664,-2.142449802473634,-1.8346553198576323,0.4317817174609121,0.4428634938017636,0.1573842674040526,0.1622300093554017,0.1489488965195922,0.1284376436403484
19-9,19,9,percent,1,0,0,0.0,,,0,0.1676943983232535,0.1263744080549609,0.183608522657932,-1.789845980351499,-2.0685062894517685,-1.6949493821725297,0.5146428150334744,0.5128424774284035,0.17627022397123868,0.17582853898495435,0.1742714623114818,0.1575907188945997
19-10,19,10,percent,1,1,1,1.0,,,0,0.2052033250054044,0.1525467486004479,0.2285489084651193,-1.5885731424263374,-1.8802841880269876,-1.4760050501306028,0.5954077775019904,0.6069475468817266,0.19646824918343214,0.1992363325360419,0.2073664056369231,0.1821997916909814
19-11,19,11,percent,0,1,1,,,,0,1.0,1.0,1.0,0.0,0.0,0.0,0.7161968220254824,0.7171852457978147,0.22618734282023154,0.2264756812131672,0.2551521845069238,0.2481794925355582
20-1,20,1,percent,0,1,1,,,,0,1.0,1.0,1.0,0.0,0.0,0.0,0.26033015475093846,0.2559402842921022,0.11239643122594993,0.11155842078563474,0.0908794275919839,0.0781054807390395
20-2,20,2,percent,1,0,0,0.0,,,0,0.0833413560000969,0.0705197787251335,0.087174043078635,-2.4863257417560436,-2.6518620847301477,-2.4398486636248142,0.25834941813816437,0.25539843291715925,0.11152402680217133,0.109598183878704,0.0929551141832677,0.0765885308082246
20-3,20,3,percent,1,1,1,1.0,,,0,0.0922371337564718,0.0775837861762687,0.0973631778894226,-2.3851475436973293,-2.5563968420847467,-2.329307190237556,0.28280970200871125,0.276887933282978,0.11731465429693816,0.1153915861584263,0.1016892807202205,0.0849644557259957
20-4,20,4,percent,1,0,0,0.0,,,0,0.1008247086734502,0.0834511091344122,0.106707275643969,-2.2963326398230333,-2.483494356117243,-2.2376659351469423,0.30731060780986114,0.2981290512450492,0.1253281370893909,0.12554735878177886,0.1088491324188191,0.0917845662037497
20-5,20,5,percent,1,0,0,0.0,,,0,0.1122575322669047,0.0917559316973943,0.1196878782995099,-2.1893866596586853,-2.3886231478514186,-2.1228679394779393,0.3436318036888472,0.3364274486163326,0.13415627336291566,0.1329183367760235,0.1239470241867031,0.1040130378624611
20-6,20,6,percent,1,1,1,1.0,,,0,0.1258954772096091,0.1010607013005269,0.1348477691441831,-2.075005284693932,-2.292033940463605,-2.0036087728054173,0.3892270809174338,0.38307935944735294,0.14646578266699237,0.14348197065479926,0.1377546525836741,0.1164133099400561
20-7,20,7,percent,1,0,0,0.0,,,0,0.1427929413656649,0.1094558411727089,0.1543282251637831,-1.9497648750583592,-2.2122341179410845,-1.868673612507408,0.4440319288586256,0.4397298686181749,0.15995899273253414,0.1599250685947446,0.1524769746390332,0.133340923996105
20-8,20,8,percent,2,1,1,,,,0,0.0696249884486317,0.0504229842062877,0.083045486982228,-2.672053284719374,-2.987308217690561,-2.488366790097435,0.5136970317313595,0.5340075294367204,0.1778945495138622,0.18385447267599825,0.180455297904376,0.1462265019179572
20-9,20,9,percent,1,1,1,1.0,,,0,0.2535683343547629,0.1846765783239294,0.2864290501652296,-1.3778044175319029,-1.689149210853371,-1.2502644169370014,0.690045918472257,0.7165660724093199,0.22051768135932465,0.22724062571880035,0.2615494749162358,0.2183704018164787
20-10,20,10,percent,0,1,1,,,,0,1.0,1.0,1.0,0.0,0.0,0.0,0.8375284311881299,0.8367487428113147,0.25777424447207187,0.2581197811301051,0.3370280984186456,0.3294286925225682
21-1,21,1,percent,0,1,1,,,,0,1.0,1.0,1.0,0.0,0.0,0.0,0.23851915045295893,0.2390674665808429,0.1061021461392273,0.1054841715353659,0.0815336786698845,0.0726563291038171
21-2,21,2,percent,3,0,0,,,,0,0.0036017792849705,0.0027313501048587,0.0040888159706759,-5.630788328103444,-5.902959259790916,-5.4994998445662775,0.23709411453529927,0.2371687639161985,0.10516051088984012,0.105222200926621,0.0825553114634834,0.0721320046698621
21-3,21,3,percent,0,1,1,,,,0,1.0,1.0,1.0,0.0,0.0,0.0,0.3115548251952056,0.3161105596322753,0.12641945009790237,0.1275119264009523,0.1068941491657917,0.0924714038911986
21-4,21,4,percent,1,1,1,1.0,,,0,0.10192560574854,0.0820664591404055,0.1085915008436044,-2.285755767573264,-2.5002258840226297,-2.2201621356668375,0.3095568022129875,0.30691147361562954,0.12758580799011776,0.12806487646567044,0.1067570234811435,0.0953234792265481
21-5,21,5,percent,0,1,1,,,,0,1.0,1.0,1.0,0.0,0.0,0.0,0.34521297827038533,0.3448615186317789,0.13468301882739128,0.1328578533650554,0.1178587992790512,0.1045475592064247
21-6,21,6,percent,1,1,1,1.0,,,0,0.1137751597364413,0.0925376779141995,0.1212988136174685,-2.1756740343060232,-2.380139388788004,-2.1094982436471934,0.34374881159285847,0.3472155103481701,0.13571757888367808,0.1350037873063859,0.1157044379415811,0.1020494973362045
21-7,21,7,percent,1,1,1,1.0,,,0,0.1255879477819698,0.1007238243103685,0.134417547383083,-2.0773145611231993,-2.295372922757188,-2.0068042986226566,0.384527156996175,0.3985541023431963,0.14543701553689461,0.146488552776822,0.1316679576123786,0.1152393924349468
21-8,21,8,percent,1,1,1,1.0,,,0,0.1452067455344177,0.1118946022405519,0.1572526925026324,-1.9328880363636016,-2.1901979082761636,-1.8499012614542691,0.4408575069441875,0.4394970016788649,0.15932162350718274,0.160928145756671,0.1482902586305239,0.1324159133299204
21-9,21,9,percent,2,0,0,,,,0,0.0680027481130234,0.0489293408107803,0.0806691627046793,-2.6959380055105453,-3.0173780521796414,-2.517398899356602,0.5076372898461126,0.5319862171425453,0.1756419937610163,0.18158174023471768,0.1764291637057015,0.1500287374881918
21-10,21,10,percent,0,1,1,,,,0,1.0,1.0,1.0,0.0,0.0,0.0,0.7041403136694009,0.702039988259661,0.22347291540265937,0.2237391976680159,0.2531214182172264,0.246177167863533
21-11,21,11,percent,0,1,1,,,,0,1.0,1.0,1.0,0.0,0.0,0.0,0.7095093159920083,0.7099668902493508,0.22311459596260796,0.22269385064806518,0.2545907844509055,0.245016120395427
22-1,22,1,percent,0,1,1,,,,0,1.0,1.0,1.0,0.0,0.0,0.0,0.25801977628790723,0.2568031635192458,0.11089140306537343,0.11036065832986745,0.0896968791307243,0.0792086531332973
22-2,22,2,percent,1,1,1,1.0,,,0,0.0849316525036225,0.0730090098305346,0.0893109105934379,-2.4673507187616677,-2.6171724260861686,-2.4156316195376353,0.25823552796125077,0.2567987182583178,0.11153013245950218,0.10980906230555035,0.0911607205440404,0.0771875708006171
22-3,22,3,percent,1,1,1,1.0,,,0,0.0919422597060132,0.0767982558465401,0.096882738004551,-2.3883113995748992,-2.5665733720748114,-2.3342539185105498,0.27858993915974367,0.269868623166518,0.11675916399181968,0.1175751393088628,0.098377691515484,0.0852029458601198
22-4,22,4,percent,1,0,0,0.0,,,0,0.1011261299558708,0.0835259579133168,0.1068790276769683,-2.2931870601248514,-2.482597825929143,-2.236057666714971,0.31289668346208244,0.3112380869472876,0.12619101211274347,0.12687533202008724,0.107946797913707,0.0913133601275863
22-5,22,5,percent,0,1,1,,,,0,1.0,1.0,1.0,0.0,0.0,0.0,0.34481325140282204,0.3442445117248927,0.1347770714459894,0.1360571952140922,0.1174526385112612,0.1047974823031609
22-6,22,6,percent,1,1,1,1.0,,,0,0.1128329346862313,0.0919884596946542,0.1201586912089205,-2.18400957731169,-2.386092148806804,-2.118941983130382,0.34416159007334857,0.3406786269167633,0.13637220446157297,0.1391724253925112,0.1183896769550404,0.1013199167040099
22-7,22,7,percent,2,0,0,,,,0,0.0363380360722744,0.02698430579877,0.0414269402851228,-3.320254861611126,-3.612499850485175,-3.183823878276878,0.39123461885161986,0.4069405384131365,0.1474408186111114,0.15124719833207279,0.1360815730831126,0.111245188012413
22-8,22,8,percent,1,0,0,0.0,,,0,0.1671174694874392,0.1289772075746526,0.182068707709541,-1.7928527177686198,-2.0481197566662117,-1.7033711488217704,0.5129820829466435,0.5200281203712916,0.17766722301333518,0.17951408597495672,0.1762863476265595,0.1492710861303806
22-9,22,9,percent,2,1,1,,,,0,0.1019293275052734,0.0709783956267885,0.1254746340092929,-2.2937553998919,-2.6453797375985206,-2.0756516684826707,0.5972877989002858,0.6211642761619443,0.1983363459903556,0.2041787863475209,0.2119828499822892,0.1840677190609745
22-10,22,10,percent,0,1,1,,,,0,1.0,1.0,1.0,0.0,0.0,0.0,0.8309058287707201,0.8308024043699681,0.256073378788743,0.2559676048913376,0.334954351778583,0.3317371784721658
23-1,23,1,percent,0,1,1,,,,0,1.0,1.0,1.0,0.0,0.0,0.0,0.2373300814773128,0.235830516928768,0.1054182991597459,0.1049925424484366,0.0810772309527677,0.0738355252437457
23-2,23,2,percent,1,0,0,0.0,,,0,0.0774696851167175,0.0664352167951663,0.0810732800283285,-2.559274756221214,-2.711527990661757,-2.512401841600407,0.23606615481294055,0.2338700718315619,0.10565490436961353,0.1053037942825757,0.0833816844629685,0.0726745612480421
23-3,23,3,percent,1,1,1,1.0,,,0,0.0840927682463063,0.0713055894737499,0.088387747786573,-2.477501890534344,-2.640780561292361,-2.426021918649638,0.25859056788704743,0.2564759025958733,0.11183286964086127,0.11068274889172774,0.0901285378701132,0.079649421970273
23-4,23,4,percent,2,0,0,,,,0,0.0185638402565843,0.014389956121886,0.0205336524057716,-3.990183577223502,-4.241224851022641,-3.885690158064595,0.28177931045516186,0.2802096814127041,0.11785875371753289,0.1160368539917265,0.1001873626115163,0.0844969693271337
23-5,23,5,percent,0,1,1,,,,0,1.0,1.0,1.0,0.0,0.0,0.0,0.3450880767675291,0.3471297014841014,0.13562030097436187,0.1358727212330698,0.1156842881229273,0.1072691461997538
23-6,23,6,percent,1,1,1,1.0,,,0,0.1128778486874887,0.0925778693838903,0.120206934148568,-2.183615778818578,-2.3797051837295684,-2.1185405702020783,0.34444852579877805,0.352332292474723,0.13583967847403666,0.1385260705860107,0.1170300354162865,0.1004861315287813
23-7,23,7,percent,1,1,1,1.0,,,0,0.1260131322209613,0.1001174455189711,0.1349872832245967,-2.074101854533955,-2.301411329554342,-2.002574703330827,0.3921158764305566,0.3894049874986296,0.1474575917960611,0.14638190158559033,0.1312419059823266,0.1152523728392249
23-8,23,8,percent,1,0,0,0.0,,,0,0.1447932192761873,0.113489558326203,0.1569293144872457,-1.9356080450800617,-2.1760444467683477,-1.851959801413545,0.4380379734130293,0.4480292931708675,0.15936755963785712,0.1615912222353475,0.1515890106107718,0.1311346436488646
23-9,23,9,percent,1,1,1,1.0,,,0,0.1687695916924728,0.130027974353071,0.1842426641196561,-1.782925816318805,-2.0400056740830728,-1.6915015637324946,0.5091096219407523,0.5171889062046526,0.17426405299578496,0.17549987633839909,0.1747959117959794,0.1504357696290483
23-10,23,10,percent,1,1,1,1.0,,,0,0.2011748753308522,0.1453759978567994,0.2229020609522454,-1.6088254963352369,-1.9284318043233544,-1.5010227928813074,0.5886830660842111,0.5832790724761763,0.19691148643700615,0.199428448739619,0.2075049375275426,0.1835843085864046
23-11,23,11,percent,0,1,1,,,,0,1.0,1.0,1.0,0.0,0.0,0.0,0.6967920037626326,0.6936054167326635,0.22156608284539236,0.222182904141509,0.2546467105933391,0.2445561386080152
24-1,24,1,percent,0,1,1,,,,0,1.0,1.0,1.0,0.0,0.0,0.0,0.2565089662414031,0.25558624413928355,0.11273592327911004,0.11183704777732514,0.0877191529475849,0.0791704691187913
24-2,24,2,percent,1,1,1,1.0,,,0,0.0843182932101221,0.0710163156455961,0.0885454340067346,-2.474726020674306,-2.6448456893262544,-2.424239480096648,0.2563008831698277,0.2507818195886181,0.11095528449401144,0.1101568267574505,0.0888911641918942,0.077613880714536
24-3,24,3,percent,1,1,1,1.0,,,0,0.0918931495504981,0.0770030515049709,0.0970090520732869,-2.3889753387797863,-2.563910228177807,-2.332950984636084,0.2831667895570417,0.2788630284007553,0.11805466832725144,0.1188679658404906,0.0970590135558111,0.086010667383879
24-4,24,4,percent,1,1,1,1.0,,,0,0.1010747840056973,0.082684301423873,0.1071045917888332,-2.2940673305115493,-2.492725690584418,-2.2339494287532355,0.3120476377202476,0.30712611744917373,0.12642788243984446,0.1257891965966782,0.1064526604264557,0.0944049297935599
24-5,24,5,percent,1,1,1,1.0,,,0,0.1121942068408117,0.0919272370805185,0.1191782704669192,-2.1896714424404045,-2.386757946895176,-2.1271348357550037,0.3474924272254218,0.3510111698950599,0.13541826322826517,0.1353105448604318,0.1195142674112461,0.0981297601004458
24-6,24,6,percent,1,0,0,0.0,,,0,0.1247423201833315,0.0984796311143648,0.1331997714022172,-2.084123735659874,-2.3179055568550417,-2.0159052370784987,0.38808394370975935,0.3900419106875542,0.14585935293512442,0.14632010712011415,0.132290468820878,0.1157010987996896
24-7,24,7,percent,2,0,0,,,,0,0.0483431422808674,0.0350095610840112,0.0562671201056986,-3.035984393981473,-3.352134116912319,-2.8776449269175086,0.4432474939755143,0.4487179344416804,0.15871849823317558,0.1592623835031041,0.1519878408630986,0.1316302901062109
24-8,24,8,percent,1,1,1,1.0,,,0,0.2057605033356834,0.1534629099994402,0.2293861613848911,-1.5857702766465624,-1.8742963759173925,-1.47234840137913,0.5968025695628795,0.6064690520486844,0.19682490854532975,0.198555311380814,0.2108768556991423,0.1806911676928085
24-9,24,9,percent,1,1,1,1.0,,,0,0.2512092610445299,0.1785355083574594,0.2848995162696133,-1.3880137794764529,-1.7229678184620392,-1.2556187363092357,0.7072092948942312,0.7196378489438189,0.22308625008811347,0.22610217138816774,0.2608212579286331,0.2260593241825731
24-10,24,10,percent,0,1,1,,,,0,1.0,1.0,1.0,0.0,0.0,0.0,0.8302319993306307,0.8229483819935652,0.2566687276872475,0.2555974956994461,0.3337323805443701,0.3329488162555564
25-1,25,1,percent,0,1,1,,,,0,1.0,1.0,1.0,0.0,0.0,0.0,0.23773143355405912,0.2349061520510764,0.10502328000069708,0.1040632353243668,0.0857048897795517,0.0721789497951061
25-2,25,2,percent,2,0,0,,,,0,0.0129960359608322,0.0103121038203638,0.0141472289090085,-4.345949712982127,-4.574436977053785,-4.258236511035873,0.23758282899701705,0.2269275988943864,0.10521557557268316,0.1041258311080424,0.0841601340707875,0.0720656701782907
25-3,25,3,percent,0,1,1,,,,0,1.0,1.0,1.0,0.0,0.0,0.0,0.2837166929970165,0.2826205754058208,0.11817455490516719,0.1192382432191971,0.0963812800513743,0.0854952417839127
25-4,25,4,percent,1,0,0,0.0,,,0,0.0914303395320524,0.0762818903481293,0.0963873542259092,-2.394012545589824,-2.573319750450345,-2.3393802662143584,0.2819588605504977,0.2837051841027889,0.11692195390078512,0.1175135304830359,0.0975914177879912,0.0841419365458641
25-5,25,5,percent,1,0,0,0.0,,,0,0.1009180923928028,0.0851497839460594,0.1067380059457307,-2.295229470687255,-2.4633434457870744,-2.237377989707178,0.309649777008553,0.3069172884863645,0.126395840372918,0.12568528354158837,0.1088148193576419,0.0911345092411483
25-6,25,6,percent,1,1,1,1.0,,,0,0.1132101805311448,0.0925671762145962,0.1206701831682952,-2.180864261010933,-2.3798206732130622,-2.1146942139776437,0.3431135093874372,0.3482639816548935,0.13432271783642383,0.1313749552225305,0.1194550624032426,0.102230769689239
25-7,25,7,percent,2,0,0,,,,0,0.0363091533583345,0.0271625238760886,0.0415643467251493,-3.3211397531270257,-3.6059170558676854,-3.1805125293087246,0.3863153215782579,0.38354260786530625,0.1445046472724518,0.14377751627382154,0.1338940614243142,0.1157759916062843
25-8,25,8,percent,1,1,1,1.0,,,0,0.1687020228674061,0.1307393560169053,0.1839349139980804,-1.7832258517676685,-2.0345495916459058,-1.6931733123410189,0.5094240196705052,0.5207320949391275,0.17561596261555532,0.17888352640665126,0.172993853033633,0.1475871532702634
25-9,25,9,percent,1,0,0,0.0,,,0,0.2008944416868195,0.1470421017943002,0.2232374068067486,-1.6101241425443216,-1.9170363377273685,-1.499519469580122,0.5960225149110703,0.6032423364488828,0.19706861988219476,0.1981799207568733,0.2096062083649879,0.1841357618477406
25-10,25,10,percent,0,1,1,,,,0,1.0,1.0,1.0,0.0,0.0,0.0,0.7044295970874328,0.7110927061643646,0.2246044171257445,0.22591011360107185,0.2556480879631074,0.2462422489755368
26-1,26,1,percent,2,1,1,,,,0,0.0227635796765228,0.0176994693958333,0.0253298762877517,-3.786377900768655,-4.034220675149396,-3.6757706990013546,0.308980618269067,0.31103591416224086,0.12646444104455357,0.1267923850225519,0.1089434549424546,0.0891085402104982
26-2,26,2,percent,2,1,1,,,,0,0.0363079058558509,0.0269742640121833,0.0412956015295496,-3.320981748092064,-3.6128721694615535,-3.1869992853210207,0.3886108846542357,0.4062737861120943,0.14766128178053914,0.1504220197320083,0.1316863658565216,0.1143498678575303
26-3,26,3,percent,3,1,1,,,,0,0.0526691326953733,0.0368250343391731,0.0689443416769094,-2.956228232987134,-3.3015774213805926,-2.6744557435436893,0.5089411656828604,0.5040451935540281,0.17743501755111712,0.17663266816227058,0.1802210397332725,0.15329329461407
26-4,26,4,percent,0,1,1,,,,0,1.0,1.0,1.0,0.0,0.0,0.0,0.8393676968691824,0.8350641521530839,0.25938636628361594,0.2585896269370149,0.3355023930984413,0.3318555112328162
27-1,27,1,percent,1,0,0,0.0,,,0,0.0774447803585985,0.0664842977401583,0.0809492179450426,-2.5595434453197328,-2.7107895356408784,-2.5139332598683475,0.23766056179713366,0.2331824002416924,0.10507312669776497,0.1058285348445276,0.082162336456596,0.0726311365165658
27-2,27,2,percent,1,1,1,1.0,,,0,0.0842737882384956,0.070685637561699,0.0884601485413123,-2.4753018129455033,-2.6495128730167012,-2.4252031274181007,0.2573240992557494,0.2548667858267333,0.11240924514063794,0.11153205033113775,0.0908133615705711,0.0778630047755464
27-3,27,3,percent,1,0,0,0.0,,,0,0.0917797736237068,0.0774503854003038,0.096721337191799,-2.3899716970845906,-2.5581177573208222,-2.335921247381871,0.28120401845819293,0.2835370215069749,0.11783693289791365,0.1190544644920652,0.0994011022656767,0.0831763241064387
27-4,27,4,percent,1,0,0,0.0,,,0,0.0996308198925632,0.0818008163598853,0.1052823116077316,-2.3083303062524885,-2.503468058837771,-2.2511098553235698,0.31266129898727296,0.31021823070517235,0.1247989601930668,0.12440101647419954,0.1069165175992836,0.0939665296822739
27-5,27,5,percent,0,1,1,,,,0,1.0,1.0,1.0,0.0,0.0,0.0,0.3447229302467022,0.3478494701244805,0.13645011875779797,0.1356864721496458,0.1161644886625129,0.1052377930874452
27-6,27,6,percent,1,0,0,0.0,,,0,0.1119345244702311,0.0908768658410213,0.1191532217641479,-2.1921939330626414,-2.3982498126845493,-2.1273450362610498,0.34506485656696134,0.34263998900429,0.13511985843446597,0.1347097197945473,0.1199139385778097,0.1030755418671613
27-7,27,7,percent,2,0,0,,,,0,0.0362698572845716,0.0273246754424678,0.041269268620331,-3.321868798670494,-3.5999651909596944,-3.187637157247207,0.38737084178122894,0.4023720568264315,0.14617625203689089,0.1502883282611463,0.1309652420150206,0.1122953820951308
27-8,27,8,percent,2,0,0,,,,0,0.0679637172714871,0.0478810203543482,0.0807410127877877,-2.6968373836321025,-3.03903608807308,-2.516508620204935,0.515681669959252,0.5331451648822554,0.17617282331160977,0.18077637782750922,0.1782812665041075,0.1504770225553081
27-9,27,9,percent,0,1,1,,,,0,1.0,1.0,1.0,0.0,0.0,0.0,0.6997329138311368,0.704706448155549,0.22395564444769867,0.22621613325755607,0.2566402644038879,0.2428662281586024
28-1,28,1,rank,0,1,1,,,,0,1.0,1.0,1.0,0.0,0.0,0.0,0.2596813314926971,0.2592974823305606,0.10943096864610934,0.1099238787314205,0.111320639658566,0.0641610688882218
28-2,28,2,rank,2,0,0,,,,0,0.1577241325837298,0.0263165024515116,0.4670475951187669,-2.09411851321919,-3.637559308979641,-0.7613241283533236,0.25220066009036884,0.24935280681399258,0.10365925869467174,0.10658410825022475,0.1219707471955136,0.0470646602935742
28-3,28,3,rank,0,1,1,,,,0,1.0,1.0,1.0,0.0,0.0,0.0,0.30614531771639386,0.3064590931677452,0.12477399829367904,0.12594112667427138,0.1239628422027286,0.0775483741237558
28-4,28,4,rank,1,1,1,1.0,1.0,1.0,1,0.3031247573651048,0.0883469025280405,0.4451866854175107,-1.2570212688538245,-2.426484151061963,-0.809261568567375,0.3106033361800504,0.3081595761707743,0.12329359914025569,0.1233148308674376,0.1329182628251833,0.0804479449088412
28-5,28,5,rank,0,1,1,,,,0,1.0,1.0,1.0,0.0,0.0,0.0,0.3425162542157712,0.3642031495106006,0.13241715242635024,0.1366769452073908,0.1384725756993123,0.0845783766739007
28-6,28,6,rank,1,0,0,0.0,0.0,0.0,1,0.0232197666562483,0.0037748038580508,0.0605384132814521,-3.9761788229440738,-5.579406868182671,-2.8044771852384405,0.33953845303912017,0.3719209354390899,0.1303390012586195,0.1411494709759117,0.1513230670307288,0.0590775087433537
28-7,28,7,rank,1,0,0,0.0,0.0,0.0,1,0.2076523350639711,0.068003514212531,0.3262216044161109,-1.6328275949384312,-2.6881960087974326,-1.1201783604673,0.38133752449139935,0.38751913842601693,0.14193723959130958,0.14705787367293477,0.1662673516523729,0.0760486818376705
28-8,28,8,rank,1,0,0,0.0,0.0,0.0,1,0.2108360287614889,0.0653397522685442,0.3228709521695834,-1.6157496996763323,-2.728155014792567,-1.1305025692015398,0.42975909388361716,0.4407470133515517,0.15422441911604176,0.1583237920758317,0.1826977068072926,0.0896112586635199
28-9,28,9,rank,1,1,1,1.0,1.0,1.0,1,0.309730802257218,0.1245031382909294,0.4445849638901579,-1.224334598383383,-2.083424385081219,-0.8106140980057586,0.49981284730860565,0.500757231155915,0.17433847402351477,0.17542326020615015,0.1822638591316465,0.1452806180092123
28-10,28,10,rank,1,1,1,1.0,1.0,1.0,1,0.3363457038769161,0.1643983702938012,0.4535326532860281,-1.1238146929035089,-1.8054627120173037,-0.7906880092312234,0.5808188784738003,0.5909783108557382,0.19222522383561597,0.1946056073405605,0.2239354414286571,0.159336742870511
28-11,28,11,rank,0,1,1,,,,0,1.0,1.0,1.0,0.0,0.0,0.0,0.7042163257405442,0.7008468765524676,0.22397045371564575,0.22275341701765605,0.2608885576387467,0.238900168401612
29-1,29,1,rank,0,1,1,,,,0,1.0,1.0,1.0,0.0,0.0,0.0,0.20342672511497348,0.1763750260950787,0.0927031038130831,0.0823793661433495,0.1262660583604428,0.0538091044908994
29-2,29,2,rank,1,1,1,1.0,1.0,1.0,1,0.3020008173150905,0.1138976560299684,0.435126118276977,-1.2468285216975503,-2.1724549978960925,-0.8321193882708783,0.20313044174753297,0.1830154841197756,0.0920410471681559,0.085028937234244,0.1260329899638958,0.0405173343426046
29-3,29,3,rank,1,1,1,1.0,1.0,1.0,1,0.3178315515851813,0.1176650968121319,0.4532049499889911,-1.197132269083713,-2.139912857841357,-0.7914108277079361,0.21938038629143516,0.18850543191586538,0.09652642933116093,0.08840751304700209,0.1363679632472746,0.0447548232649858
29-4,29,4,rank,1,1,1,1.0,1.0,0.0,1,0.2378321993688722,0.0832601292885926,0.3668993767912931,-1.4921506374865985,-2.4857854852350627,-1.0026676471144906,0.23609496837153074,0.2083008238018503,0.10116844887723277,0.0934924216059115,0.1471411421024588,0.0447220903844556
29-5,29,5,rank,1,1,1,1.0,1.0,1.0,1,0.3010350677689246,0.1224310393627728,0.4294256757657837,-1.247605911875029,-2.1002079067329325,-0.8453066021288547,0.2566631468549104,0.24199925201248385,0.10712298978169094,0.1033842933887015,0.1508604645443166,0.0524882903811296
29-6,29,6,rank,1,0,0,0.0,1.0,0.0,1,0.2742326383971683,0.0983272669892195,0.401537452522019,-1.343798974972925,-2.319453956909018,-0.9124544734172738,0.28200336699471573,0.2520725744519825,0.11551427417250594,0.1107893700322829,0.160253849561008,0.0544098605573455
29-7,29,7,rank,2,0,0,,,,0,0.2326103326242979,0.0483208046615571,0.5234353213622163,-1.601034992481123,-3.029893329905533,-0.6473418082929325,0.30523425059882403,0.28201076621233667,0.1209701047651727,0.1184229849289283,0.1702872690887997,0.0590892021600376
29-8,29,8,rank,1,0,0,0.0,1.0,0.0,1,0.2099139696414608,0.0628322707674301,0.3188420864367339,-1.620085179548324,-2.76729114069593,-1.1430593258059365,0.3785696782633166,0.3686610568266073,0.14138829011897538,0.13897465969513084,0.2078085607076021,0.0771927529059517
29-9,29,9,rank,1,0,0,0.0,1.0,0.0,1,0.2884997392366252,0.1132827080204464,0.4064868456853672,-1.282710521505,-2.1778687666558043,-0.9002037131041908,0.4354281510449588,0.4173930602145482,0.1555307676340445,0.1539262247887245,0.2305815548890076,0.088998262568948
29-10,29,10,rank,2,0,0,,,,0,0.175450923403612,0.0296853123263784,0.4073934201527862,-1.9421266310895249,-3.5171029205026514,-0.8979759532173723,0.46895106407623605,0.46168177318327164,0.16485986020708057,0.1656309426533382,0.2965876081715958,0.1020546658244421
29-11,29,11,rank,0,1,1,,,,0,1.0,1.0,1.0,0.0,0.0,0.0,0.6902880842378218,0.6673980523662248,0.22174057284766854,0.21747435757059225,0.3248214782647212,0.2054994547835496
30-1,30,1,rank,0,1,1,,,,0,1.0,1.0,1.0,0.0,0.0,0.0,0.20010464271995795,0.1730069483536167,0.09058133739633388,0.0824319649962694,0.1309644449833512,0.0510887896099545
30-2,30,2,rank,1,1,1,1.0,1.0,1.0,1,0.3156114657987409,0.1185579875484781,0.4458367930762446,-1.203648243029053,-2.132353096724527,-0.8078023299145967,0.20001953393123897,0.1727952291447705,0.09018248599073868,0.0837395088663185,0.1305692961019128,0.0411004601257559
30-3,30,3,rank,1,0,0,0.0,0.0,0.0,1,0.0405578497224107,0.0087504692712641,0.0877552049080792,-3.351563294031572,-4.738648761961213,-2.4332041583250876,0.21289772227134757,0.18602986978755004,0.09262702600074643,0.088242899867014,0.1467433196370081,0.0354128694291223
30-4,30,4,rank,2,1,1,,,,0,0.3710341971601485,0.0946045514507899,0.7075092186604599,-1.1023138868068056,-2.358049695638457,-0.3460046537295211,0.23010636970311643,0.1983478633796441,0.09791738139970045,0.0920519781664354,0.1543132047654244,0.0476078378279044
30-5,30,5,rank,1,0,0,0.0,0.0,0.0,1,0.0406613220023974,0.008548918521214,0.0884608953310889,-3.3528955615966085,-4.761950493642836,-2.4251947241455283,0.2711445932710001,0.2321956542919381,0.11017143495063425,0.1004808042207313,0.1676527886292253,0.0452844598904842
30-6,30,6,rank,1,1,1,1.0,1.0,1.0,1,0.3129931570048702,0.1101971566154863,0.4443084750124366,-1.212674640638873,-2.205484189016333,-0.8112361949112779,0.301240802629438,0.2636353152703603,0.12057606097898295,0.1115842131682742,0.1747115688274735,0.065190406966673
30-7,30,7,rank,1,1,1,1.0,1.0,1.0,1,0.3126158416234276,0.1112237565200631,0.4501017644074624,-1.216128967361452,-2.1962112825212734,-0.7982815795654424,0.33476960226221103,0.2887715345134301,0.130085839563299,0.116653304087055,0.1841029457527768,0.0768164283728361
30-8,30,8,rank,2,1,1,,,,0,0.2627599814454247,0.0606438450604306,0.5579394208870013,-1.4721467457551296,-2.802737140244283,-0.5835050091524866,0.3646829965835222,0.336678105019376,0.13472161557100504,0.1308390053973908,0.208953673556691,0.0706952055789951
30-9,30,9,rank,2,0,0,,,,0,0.1452989268618685,0.0284336196442923,0.3218690298142637,-2.1005303237836945,-3.560183063281558,-1.133610563007616,0.45346905134835874,0.4366685888326399,0.1574918318484324,0.16028852804183163,0.2998535656326096,0.0932211697315736
30-10,30,10,rank,0,1,1,,,,0,1.0,1.0,1.0,0.0,0.0,0.0,0.6712631750457871,0.6626652675172948,0.21494224623659186,0.21103890496095065,0.3226745235584338,0.1948868388277027
31-1,31,1,rank,1,1,1,1.0,1.0,0.0,1,0.2754664510418663,0.0968762679320204,0.4140060433783918,-1.3457000245040338,-2.3343207288187395,-0.8818747080278755,0.18841598126701797,0.172645793707993,0.08683786974945559,0.080365651128146,0.1087097076528659,0.0377708966499445
31-2,31,2,rank,1,0,0,0.0,1.0,0.0,1,0.2672524615174593,0.1079877939763907,0.4011169994998187,-1.365365123807616,-2.2257373916774545,-0.9135021290219566,0.20268535329999302,0.1949447539500005,0.0910589292839253,0.0892522049237,0.1040567623983891,0.0381590543946299
31-3,31,3,rank,1,1,1,1.0,1.0,0.0,1,0.2722587287287024,0.0983551372967251,0.4098507288809666,-1.3568322872013026,-2.3191705007044487,-0.8919622622888455,0.2129971565067071,0.2158627256439481,0.09542428307109423,0.09680896753086785,0.1189426235121132,0.0438977854524106
31-4,31,4,rank,1,1,1,1.0,1.0,1.0,1,0.3122098181524889,0.1086533775845245,0.4452910951422523,-1.2181052368433785,-2.2195925216887824,-0.8090270715043261,0.23337082108247503,0.2488451340504316,0.10157872813630336,0.108713613173589,0.113747684496175,0.049900168737732
31-5,31,5,rank,2,0,0,,,,0,0.0043514548251412,0.0003194993215489,0.0142354039102573,-5.820898727284667,-8.048759804101358,-4.252023189487674,0.24726858305598376,0.2565957003743635,0.10237776182698811,0.10952699219647086,0.154218433357543,0.0420651672057655
31-6,31,6,rank,1,0,0,0.0,1.0,0.0,1,0.2847293203404801,0.0990106925561779,0.4179126092712665,-1.3089414475806531,-2.3125274330480714,-0.8724829372036297,0.3030278131656131,0.3083841679737473,0.12187879754703539,0.1260776685343036,0.1523248151464179,0.062898005679246
31-7,31,7,rank,1,0,0,0.0,1.0,0.0,1,0.2748616467058392,0.1168491391094785,0.4005630775447248,-1.334059363361125,-2.1468717416429195,-0.9148840360033516,0.33801308802141605,0.3464377908747191,0.13149039545569355,0.1344872014011038,0.1640108542178198,0.0671296610443251
31-8,31,8,rank,2,1,1,,,,0,0.3256927543621608,0.0835586500273272,0.6300172734710925,-1.2391790367981133,-2.482206498154041,-0.4620081419895442,0.3810339645237037,0.40218414023385035,0.1442022852914922,0.1512646580547724,0.1395332503489274,0.0786455618414376
31-9,31,9,rank,2,1,1,,,,0,0.3561592974123639,0.1169850994367369,0.6439341945905522,-1.1243775502013964,-2.1457087183144505,-0.4401587411234736,0.49504160506063916,0.5257016563246828,0.17236511908117233,0.17941877263106235,0.1909946813258423,0.1405357636991576
31-10,31,10,rank,0,1,1,,,,0,1.0,1.0,1.0,0.0,0.0,0.0,0.7165851695844885,0.7166221251943252,0.2253738803340295,0.22519762517352926,0.2582377510505054,0.2397773716258983
32-1,32,1,rank,1,1,1,1.0,1.0,1.0,1,0.2731432005435971,0.1042983948266965,0.4153443681338413,-1.3507944336615263,-2.260499340583487,-0.8786473057460409,0.21608677728777373,0.2062662759313338,0.0950323310459323,0.0895048110379939,0.1144613558426542,0.042034101430252
32-2,32,2,rank,1,0,0,0.0,0.0,0.0,1,0.0902973570218319,0.0262680507052928,0.16231911013308,-2.495233047811131,-3.6394018860466377,-1.818191066805999,0.23502058499203937,0.232842730049351,0.10003972042256773,0.1013578389741396,0.1170132237338536,0.0402477946325928
32-3,32,3,rank,1,1,1,1.0,1.0,1.0,1,0.3129811432822472,0.1093348660491781,0.446503868090765,-1.2159815073883264,-2.213340102174759,-0.8063072161457543,0.2540151666539417,0.2432324398164576,0.10776603274176055,0.1068582275186552,0.1256380692169237,0.0555504113823172
32-4,32,4,rank,1,0,0,0.0,0.0,0.0,1,0.0915754921584709,0.0222393937345045,0.1645937906528743,-2.4934085115946183,-3.8058902710047264,-1.8042747341035137,0.2782331968679576,0.2679198302071708,0.1129763739302068,0.1131838192957335,0.1455791799143552,0.0499417075911677
32-5,32,5,rank,1,0,0,0.0,1.0,0.0,1,0.2225545527285579,0.0795004277478331,0.3539620905470019,-1.5634916904243448,-2.5319928892467964,-1.038565460507351,0.3042323698631083,0.29451549462597043,0.12016281925126407,0.1198002965595166,0.1509239648724842,0.0570922212231753
32-6,32,6,rank,1,0,0,0.0,0.0,0.0,1,0.142144909655857,0.0396243332214546,0.2346702576491637,-2.032182257609263,-3.228311948504809,-1.4495739091285085,0.33815461328668367,0.3170324041665791,0.1287073552655266,0.1244674984182501,0.1636198128889305,0.0663324606066155
32-7,32,7,rank,1,0,0,0.0,0.0,0.0,1,0.059881112375862,0.0159390872573516,0.1163246811752865,-2.928707874939597,-4.138980920167379,-2.151370023655539,0.3735464774231647,0.36426853574338164,0.13916704768886162,0.13852215883763674,0.176339394136315,0.0651902598869892
32-8,32,8,rank,1,0,0,0.0,0.0,0.0,1,0.2040764424831679,0.0584395977300363,0.317767207552909,-1.6548029166550209,-2.8397615783388237,-1.146436230916786,0.4285275640243464,0.4121255054062691,0.15423689095615534,0.1525372944028331,0.1947714088742013,0.0960812279914795
32-9,32,9,rank,1,1,1,1.0,1.0,1.0,1,0.3062698205544161,0.1219617516276994,0.4483248927283818,-1.2393448722836935,-2.1040477984153108,-0.8022371192873813,0.49522845592407605,0.468400303506609,0.17303054616690428,0.16588862382164465,0.2219640787262596,0.1426417869357784
32-10,32,10,rank,0,1,1,,,,0,1.0,1.0,1.0,0.0,0.0,0.0,0.5911140561163739,0.5443715894617799,0.19669362239018132,0.1889292005360775,0.2633005753866256,0.1803035395642687
32-11,32,11,rank,0,1,1,,,,0,1.0,1.0,1.0,0.0,0.0,0.0,0.5877073577210632,0.5569106952024572,0.19451289118957737,0.1883263878092719,0.2631501590608507,0.1779043423646587
33-1,33,1,rank,0,1,1,,,,0,1.0,1.0,1.0,0.0,0.0,0.0,0.23311280819494362,0.2264774894778966,0.10290005029173886,0.1001456565898167,0.0969856885640218,0.0607168738447484
33-2,33,2,rank,2,0,0,,,,0,0.0417900066998301,0.0056318740028195,0.1518521326036251,-3.4915964559616883,-5.179313115762062,-1.8848482867205063,0.23408060796853575,0.2593736319542717,0.09869856407956368,0.112262577951567,0.0985646049910684,0.0403876182140483
33-3,33,3,rank,2,1,1,,,,0,0.3371612832842254,0.0640268618120806,0.6483861995044927,-1.2150682439534517,-2.748452570942209,-0.4332690180071942,0.27676804418473533,0.2794854266931523,0.11348534359769301,0.1180620087786152,0.1169466098282485,0.0660564373550999
33-4,33,4,rank,1,0,0,0.0,1.0,0.0,1,0.151232251656433,0.0461922970500621,0.2307335781682429,-1.9534398625711071,-3.074942299206281,-1.4664915768901674,0.3415180392077654,0.3394394418074471,0.132135714282173,0.1356623267462676,0.1352416607507061,0.0639610015915834
33-5,33,5,rank,1,1,1,1.0,1.0,1.0,1,0.2700947139633797,0.0882191875291591,0.4034062891887979,-1.3615932184815542,-2.4279308750590114,-0.90781106381713,0.3836440241021422,0.4096542888355821,0.14503695536330027,0.15267539134707944,0.1447525952170963,0.0834927152840008
33-6,33,6,rank,1,0,0,0.0,0.0,0.0,1,0.1141568334236823,0.0288846347836508,0.1893956493803247,-2.2603575275212777,-3.544446137649974,-1.6639171076476222,0.4339022323927559,0.4366320486332676,0.15585852395153052,0.1627899047256102,0.173413629063854,0.0862718993322274
33-7,33,7,rank,1,1,1,1.0,1.0,1.0,1,0.3207650108934309,0.1369982097728725,0.4466950270763722,-1.1782233032611016,-1.9877874221901393,-0.8058791867775702,0.50323958467454,0.5170868205708986,0.1761886625302046,0.18118272206899566,0.1868831998455956,0.139237405066824
33-8,33,8,rank,0,1,1,,,,0,1.0,1.0,1.0,0.0,0.0,0.0,0.5948044576708198,0.589492638100236,0.19765219285368416,0.1961799127068275,0.2204075576469211,0.1853215016470752
33-9,33,9,rank,0,1,1,,,,0,1.0,1.0,1.0,0.0,0.0,0.0,0.5948253126062769,0.6106335201111479,0.19768643205600936,0.2024287035476445,0.2182062457916075,0.1802776879334546
34-1,34,1,rank,0,1,1,,,,0,1.0,1.0,1.0,0.0,0.0,0.0,0.2200932144274831,0.19975254176081805,0.09739624716217288,0.09193886395139925,0.1112845413874158,0.0566834215150754
34-2,34,2,rank,2,1,1,,,,0,0.1968948471602271,0.0454991559515679,0.4487487711893754,-1.772406580053629,-3.090062080344026,-0.8012923254208492,0.21680927450614026,0.20932830901730315,0.09361294317847021,0.09513966651567025,0.1295679227499747,0.0384670168375273
34-3,34,3,rank,1,1,1,1.0,1.0,1.0,1,0.3006499087690559,0.1143074499736121,0.4343958679417591,-1.2525223987936658,-2.1688635388369177,-0.8337990230194161,0.25653105411774585,0.24771545215166313,0.10693142346050925,0.10607782026056595,0.1315161927870247,0.051710515981161
34-4,34,4,rank,1,0,0,0.0,0.0,0.0,1,0.0578292973318345,0.0128359240766625,0.111786200187924,-2.974455282341088,-4.355507593291517,-2.1911671591124753,0.2778594816765785,0.2765779868678242,0.11219736157268222,0.1151726052390103,0.1463009664606036,0.0487536402715363
34-5,34,5,rank,0,1,1,,,,0,1.0,1.0,1.0,0.0,0.0,0.0,0.306402901340482,0.31020046930719547,0.12304962066700983,0.12413702177678565,0.1388907785786778,0.0768490964156113
34-6,34,6,rank,1,0,0,0.0,1.0,0.0,1,0.2760521026521757,0.0965966518951065,0.4083575803248125,-1.3378823161977536,-2.3372112049534888,-0.895612085269352,0.30373865957692187,0.30454529745944575,0.12084935461086499,0.12186265868568755,0.1515335680862148,0.0646013054571571
34-7,34,7,rank,1,0,0,0.0,0.0,0.0,1,0.210700891314185,0.0675378887551716,0.3316302015289998,-1.619920972646753,-2.6950665714451474,-1.103734788852479,0.3343620769901293,0.335851436459589,0.12900650849293674,0.132843604030809,0.1701692780721294,0.0663763466500424
34-8,34,8,rank,1,0,0,0.0,1.0,0.0,1,0.2789780296428165,0.104809173083781,0.4017536458238379,-1.3236637351152984,-2.255614581923017,-0.9119162075136736,0.3790245341624614,0.3777333505218807,0.14227126243537086,0.1455725467647985,0.1815879617056047,0.0825545266895064
34-9,34,9,rank,1,1,1,1.0,1.0,1.0,1,0.2954862451634935,0.0995881296299776,0.4444139105996863,-1.2881233159995389,-2.3067123048954787,-0.8109989197529083,0.4416991857561272,0.4591133979858959,0.15992894668549582,0.1631992396812482,0.165502147175595,0.1058400097096281
34-10,34,10,rank,1,0,0,0.0,0.0,0.0,1,0.1217818477761726,0.036299448388435,0.1989892949045449,-2.1791073418943903,-3.3159532467819117,-1.6145042522179938,0.4950373095558101,0.5189239907665031,0.17164345682050672,0.1799618746642762,0.1971237659834656,0.0948264325739591
34-11,34,11,rank,0,1,1,,,,0,1.0,1.0,1.0,0.0,0.0,0.0,0.5886241752863446,0.5626042021573748,0.19589914137178308,0.1915677112168333,0.2144767170917619,0.1866035928191397
