event_id,season,week,elim_count,use_two_stage,ppc_p_mean,ppc_p_q025,ppc_p_q975,ppc_logp_mean,ppc_logp_q025,ppc_logp_q975
1-1,1,1,0,0,1.0,1.0,1.0,0.0,0.0,0.0
1-2,1,2,1,0,0.1800938198589016,0.05360505993942288,0.310906762192085,-1.7909570760417,-2.9261118230155065,-1.1682623348669274
1-3,1,3,1,0,0.476584215504973,0.18220411372173784,0.7207929126497911,-0.7898151215548997,-1.7026277533604732,-0.32740342333785133
1-4,1,4,1,0,0.1909349467490375,0.06084703290608648,0.3011166330581584,-1.7259503329401813,-2.7993922234834807,-1.200257604072857
1-5,1,5,1,0,0.5385150149736343,0.3240767446289861,0.7401379755827557,-0.6465324691074225,-1.1267749250998893,-0.30091866003418943
1-6,1,6,0,0,1.0,1.0,1.0,0.0,0.0,0.0
2-1,2,1,1,0,0.2990543362831941,0.0953074414059065,0.5411617576196053,-1.281490398099754,-2.350650022276455,-0.6140370843233973
2-2,2,2,1,0,0.29793479190536454,0.09240853769927514,0.5385998434171376,-1.2862414528096742,-2.38153598413953,-0.6187823908056231
2-3,2,3,1,0,0.14699680947936997,0.04085067549674521,0.2686274528001611,-2.001722762316495,-3.197832003559524,-1.3144297945170027
2-4,2,4,1,0,0.4406529120246486,0.13286057321997954,0.6944848673473134,-0.8849848961562821,-2.018455072266478,-0.36458496516975575
2-5,2,5,1,0,0.47848543942017213,0.17182525887663938,0.7296704774721904,-0.7870919199968321,-1.7612772571772877,-0.3151622474949024
2-6,2,6,1,0,0.39427331501080076,0.14220428477420888,0.6189648220894018,-0.9869128065545955,-1.9504906353313993,-0.47970691900819573
2-7,2,7,1,0,0.32792576116530847,0.1214165932749439,0.5072472637455415,-1.1721778974456956,-2.1085277467618,-0.6787567024108538
2-8,2,8,0,0,1.0,1.0,1.0,0.0,0.0,0.0
3-1,3,1,1,0,0.0931254154114908,0.07992300765359873,0.09827537768289221,-2.375321197393964,-2.5266915120480715,-2.3199817646632543
3-2,3,2,1,0,0.10066578492904894,0.08396694061888034,0.10637702985031913,-2.297851389242807,-2.4773322453177062,-2.240765610315913
3-3,3,3,1,0,0.1120187619722321,0.09278299729398412,0.11907881975735235,-2.191203314527255,-2.377492160348604,-2.1279696542342594
3-4,3,4,1,0,0.12607283943989872,0.10202634733774041,0.1349867402770137,-2.073257638892199,-2.2825242217057826,-2.0025787255399914
3-5,3,5,2,0,0.04831297560713695,0.03525179501868947,0.056204161723519344,-3.036434988554216,-3.3452388322061997,-2.878764472909879
3-6,3,6,0,0,1.0,1.0,1.0,0.0,0.0,0.0
3-7,3,7,1,0,0.20571553779715868,0.15176204134108764,0.2290311017011369,-1.5859961938987424,-1.8854415105718487,-1.4738974694553182
3-8,3,8,1,0,0.25459410401219723,0.18353407385926243,0.28898914619733723,-1.3742570465595274,-1.695355253840189,-1.241366148782717
3-9,3,9,1,0,0.3393784902268402,0.23638448385761215,0.39999912371230845,-1.0896375841282926,-1.4422956315737807,-0.9162929226079031
3-10,3,10,0,0,1.0,1.0,1.0,0.0,0.0,0.0
4-1,4,1,0,0,1.0,1.0,1.0,0.0,0.0,0.0
4-2,4,2,1,0,0.09135793424256061,0.0747724579841282,0.09626639527915627,-2.394903400323282,-2.5933056762834683,-2.340635979844358
4-3,4,3,1,0,0.10056002322659853,0.08290493245579895,0.10642455556331883,-2.298993087084429,-2.4900607198028486,-2.2403189433781563
4-4,4,4,1,0,0.11328562343378806,0.0943885191412789,0.12082622433740904,-2.180014549993591,-2.360335842857717,-2.1134019281861187
4-5,4,5,1,0,0.12921930012319985,0.10376488961507259,0.1393445321068427,-2.048900701928323,-2.2656276168059053,-1.9708057643827934
4-6,4,6,1,0,0.1444891882712682,0.11477281762265318,0.15587255768785596,-1.9374903752315973,-2.1648009201428313,-1.858716543613542
4-7,4,7,1,0,0.16996032448561138,0.13066253678949746,0.1861433939155265,-1.7760598389957818,-2.035137466686388,-1.681237967304957
4-8,4,8,1,0,0.20730859464959536,0.15372038049959816,0.23123771810728283,-1.5784929560038354,-1.8726200397960433,-1.4643090162830683
4-9,4,9,1,0,0.25352260242840235,0.18068156588930867,0.28818943625279736,-1.3787834571189048,-1.711019102121947,-1.2441372505508237
4-10,4,10,0,0,1.0,1.0,1.0,0.0,0.0,0.0
5-1,5,1,1,0,0.08451238802396507,0.07133539231446076,0.08885989959327423,-2.4724814138917877,-2.6403627760667803,-2.4206943117147266
5-2,5,2,1,0,0.09131651857683701,0.07697027818372197,0.09610167990417645,-2.3950514699242573,-2.5643359569625654,-2.3423484830352637
5-3,5,3,1,0,0.10191932576978656,0.08499781967471895,0.10806797352089001,-2.285402908831124,-2.465129674631197,-2.224994865660884
5-4,5,4,1,0,0.11250264749846961,0.09309564779365345,0.11969744795989998,-2.186937701684293,-2.3741279615521838,-2.122787986966142
5-5,5,5,1,0,0.12699399765115024,0.10352774369119545,0.13648994548460955,-2.06609477932584,-2.2679156688091493,-1.9915043265466734
5-6,5,6,1,0,0.14417292800345552,0.11278921385585414,0.15532848835800928,-1.9398307935811678,-2.182234566786167,-1.8622131248395126
5-7,5,7,1,0,0.16860507218092813,0.12980953738442252,0.18394797643042293,-1.78387152637969,-2.0416870604770496,-1.6931022990371785
5-8,5,8,1,0,0.20274948340816076,0.1527858567588023,0.22519332844049972,-1.6003799693543115,-1.8787179969173982,-1.4907960082394307
5-9,5,9,1,0,0.2532145120550694,0.18169697481524605,0.28816772417830705,-1.380124888624811,-1.7054151690794892,-1.2442125927433947
5-10,5,10,0,0,1.0,1.0,1.0,0.0,0.0,0.0
6-1,6,1,0,0,1.0,1.0,1.0,0.0,0.0,0.0
6-2,6,2,2,0,0.015640777244573124,0.012502460844958667,0.01717632035996666,-4.160829061911751,-4.381829822435424,-4.064223566991371
6-3,6,3,1,0,0.10082834283734075,0.08381232451560525,0.1066683564024324,-2.2962045957791126,-2.479175221610681,-2.238030730734514
6-4,6,4,1,0,0.1135390972553867,0.0948660607168618,0.12074791356526113,-2.1774214865882406,-2.3552892694075007,-2.1140502656049405
6-5,6,5,1,0,0.12686778878445246,0.10155892418766449,0.13596270211390396,-2.0674624731468096,-2.2871161213481535,-1.9953746800231333
6-6,6,6,1,0,0.1458130018200519,0.11385795801872411,0.15790699229050228,-1.9284480437486602,-2.1728035932808374,-1.8457490760397446
6-7,6,7,1,0,0.16802223406815858,0.1282095553735861,0.18374333272803584,-1.7876169425701331,-2.054089204127778,-1.6942154265867149
6-8,6,8,1,0,0.2025876925203713,0.15065892109688492,0.2244846617733987,-1.6011446130907148,-1.89273679788697,-1.4939478958632209
6-9,6,9,1,0,0.2561970675668635,0.18512379249197877,0.2905488868022461,-1.3678496783538217,-1.6867305724629242,-1.2359834321061216
6-10,6,10,0,0,1.0,1.0,1.0,0.0,0.0,0.0
7-1,7,1,2,0,0.013162997797311312,0.010686450212603782,0.014314659349321312,-4.332932366372258,-4.538778675400934,-4.24647113862213
7-2,7,2,2,0,0.01843492316543897,0.014445152219849437,0.020335101413082993,-3.997018525110772,-4.2373964093019305,-3.8954067531817356
7-3,7,3,0,0,1.0,1.0,1.0,0.0,0.0,0.0
7-4,7,4,1,0,0.11312475178188555,0.09328135563667914,0.12033842637926363,-2.1814324111770675,-2.3721350680971462,-2.117447285790406
7-5,7,5,1,0,0.12635379550336703,0.10195894334307458,0.1355215146029456,-2.071391270125419,-2.2831850638466644,-1.9986248724366433
7-6,7,6,1,0,0.14765221910355725,0.11636029067689925,0.16043729813254962,-1.9160926466941954,-2.1510639474759166,-1.829852078925858
7-7,7,7,1,0,0.1679306481693139,0.12639926408654725,0.18387335684278883,-1.7883300131681736,-2.0683096253981392,-1.693508036505804
7-8,7,8,1,0,0.2035257742976679,0.15172609549694777,0.22569198438311028,-1.5966367723751331,-1.885678412482927,-1.488584111124635
7-9,7,9,1,0,0.25617729410123435,0.18392679351992258,0.29173671696489833,-1.368246608627221,-1.6932175981722575,-1.2319035379332084
7-10,7,10,0,0,1.0,1.0,1.0,0.0,0.0,0.0
8-1,8,1,0,0,1.0,1.0,1.0,0.0,0.0,0.0
8-2,8,2,1,0,0.07755543405237174,0.06746325861697632,0.08100904891446638,-2.557963620107161,-2.696172147804887,-2.5131944155656023
8-3,8,3,1,0,0.08457802240487426,0.07259520174026442,0.08880355581669395,-2.471474539993983,-2.622856453416215,-2.421328586806609
8-4,8,4,2,0,0.019035339016185825,0.014715007254769782,0.02109408536120421,-3.9649736818568693,-4.218887416090844,-3.8587625924312046
8-5,8,5,1,0,0.1120765409559872,0.09181224502625619,0.11906531086187672,-2.1907381254883553,-2.388009638729782,-2.128083105653128
8-6,8,6,1,0,0.12825529187395585,0.10289808298805103,0.13810647079129448,-2.0563849479186347,-2.2740162805301307,-1.9797303638275767
8-7,8,7,1,0,0.1457974476788058,0.11183974441632953,0.15796639638527535,-1.928818574476928,-2.1906882861881716,-1.8453729496952904
8-8,8,8,1,0,0.16817896417994319,0.1274775436778646,0.18404894220874898,-1.7866584430906098,-2.0598150594288027,-1.6925535665113982
8-9,8,9,1,0,0.20266767934799657,0.14985024496823338,0.2247363829310684,-1.6010282430891392,-1.898118862643194,-1.4928271951065233
8-10,8,10,1,0,0.25814291901394143,0.18933243641575342,0.29345831355301116,-1.3600060766163884,-1.66425116063274,-1.2260196826990848
8-11,8,11,0,0,1.0,1.0,1.0,0.0,0.0,0.0
9-1,9,1,2,0,0.00853007193627422,0.007069248990163269,0.009149842397346253,-4.766212938001944,-4.952001032131418,-4.694018624191307
9-2,9,2,1,0,0.0720779420154671,0.06362134951936106,0.0750555349132756,-2.631090789792527,-2.7548061840275864,-2.589526974041758
9-3,9,3,2,0,0.013112554423811302,0.010522951738553518,0.014298140364620472,-4.336943887480982,-4.5541965380494,-4.247625794671375
9-4,9,4,1,0,0.0923957635605923,0.0780776517868096,0.09727851535971428,-2.383220081181767,-2.550051465475211,-2.330177122641809
9-5,9,5,1,0,0.10079521751514321,0.08191128936658687,0.10671995872475834,-2.296868779328215,-2.502118455568779,-2.2375470836177063
9-6,9,6,2,0,0.028691644134917097,0.02156190465281367,0.032288312605211755,-3.5557960195689504,-3.8368271948981194,-3.433049953187321
9-7,9,7,2,0,0.04915143321603809,0.036150618973302046,0.05710262392760681,-3.0191783774351566,-3.320061210990975,-2.8629052101800347
9-8,9,8,1,0,0.2034177346677512,0.15133575101597072,0.22504927887939746,-1.5970913019704303,-1.8882545161709081,-1.4914358848723
9-9,9,9,1,0,0.2530394183863751,0.17875106245085678,0.2866933811445811,-1.3805358496305775,-1.7217611939730921,-1.2493419940230348
9-10,9,10,0,0,1.0,1.0,1.0,0.0,0.0,0.0
10-1,10,1,0,0,1.0,1.0,1.0,0.0,0.0,0.0
10-2,10,2,1,0,0.09136561401464899,0.07741492849664094,0.09600705566745944,-2.394372632379218,-2.558575657025538,-2.3433335937009545
10-3,10,3,1,0,0.10224002471527595,0.08274104759870837,0.10862342528708117,-2.282649914778355,-2.492039457279138,-2.219868192324495
10-4,10,4,1,0,0.11309935850325875,0.09316853812425575,0.12035211867963572,-2.1815655774487595,-2.3733451883598224,-2.1173335106048508
10-5,10,5,1,0,0.1282276970723198,0.10305802836786476,0.13790173861299687,-2.0565523383131694,-2.272463068052424,-1.9812138866238318
10-6,10,6,1,0,0.14597638601073185,0.11515400576402637,0.15765551711960188,-1.9272130422993026,-2.1614848686613213,-1.8473428976045854
10-7,10,7,1,0,0.16832759583775622,0.12847518652550827,0.183587742015794,-1.7856796189362476,-2.0520195172972335,-1.6950625679884024
10-8,10,8,1,0,0.20512686988084336,0.1508123774777391,0.22825426261438517,-1.5890271892100043,-1.8917187655402339,-1.4772950845486996
10-9,10,9,1,0,0.2559515695470654,0.1837521429244802,0.2914303559233394,-1.3693874942913034,-1.6941674800175928,-1.2329542180374342
10-10,10,10,0,0,1.0,1.0,1.0,0.0,0.0,0.0
11-1,11,1,1,0,0.08429925312093701,0.07085095498144446,0.08869362152055009,-2.47503717359605,-2.6471768342278557,-2.4225673029564954
11-2,11,2,1,0,0.09298374152689012,0.07717043564817469,0.09842370891434815,-2.3771339290731044,-2.5617388572812256,-2.3184735604465643
11-3,11,3,1,0,0.10148159064314398,0.08468424710808145,0.107456597157699,-2.289814988193116,-2.4688256890170996,-2.230668260322533
11-4,11,4,1,0,0.1136173105009913,0.0931090571534395,0.12126367062805767,-2.177079568335383,-2.3739838178136727,-2.1097880087766647
11-5,11,5,1,0,0.12634768626676807,0.10139730100486058,0.13518958791584643,-2.0713559561304176,-2.2887088107792257,-2.0010771309037074
11-6,11,6,1,0,0.1430536963447437,0.112460303548864,0.1540751332235924,-1.9475127961766638,-2.1851549822114467,-1.8703149175586986
11-7,11,7,1,0,0.16821062562463776,0.12942013748220055,0.18342633211917625,-1.7861962069202224,-2.0446913074120356,-1.6959421519605413
11-8,11,8,1,0,0.20442843058332089,0.15577252640453024,0.22704881155231546,-1.592064905349982,-1.859358500031322,-1.4825902557689106
11-9,11,9,1,0,0.25333355825793885,0.18370911363199285,0.2875216969211883,-1.3793035692918132,-1.6944017002907101,-1.246456954177021
11-10,11,10,0,0,1.0,1.0,1.0,0.0,0.0,0.0
12-1,12,1,0,0,1.0,1.0,1.0,0.0,0.0,0.0
12-2,12,2,1,0,0.09192720741280395,0.07891754865461563,0.09678307490980742,-2.388275596859029,-2.5393517807417485,-2.3352831459660415
12-3,12,3,1,0,0.10211057635641545,0.08529029846235263,0.10825533437992983,-2.2836182712074216,-2.4616946629278154,-2.2232626350133406
12-4,12,4,1,0,0.11222039447762898,0.09192436836494365,0.11938579510186703,-2.1893827704524105,-2.3867891544509905,-2.125395054097428
12-5,12,5,1,0,0.12634826008829303,0.10039181597499543,0.13565403661843256,-2.0714294422852504,-2.298674590867808,-1.9976474828416213
12-6,12,6,1,0,0.14559681018211604,0.11566280148735056,0.1573596060419376,-1.9296961357138929,-2.15707620638359,-1.8492216084580173
12-7,12,7,1,0,0.16833384744616606,0.12923067756127457,0.18430835899156736,-1.7855061312094938,-2.0461563281303667,-1.691145059981919
12-8,12,8,1,0,0.201729440261556,0.14908941076229035,0.22402142093797037,-1.6057654490821318,-1.9032090833936002,-1.4960136026223432
12-9,12,9,1,0,0.259934872054059,0.18517280450453144,0.29581638573664365,-1.3537091373771968,-1.6864658717489507,-1.2180163356417844
12-10,12,10,0,0,1.0,1.0,1.0,0.0,0.0,0.0
13-1,13,1,1,0,0.0844167715612415,0.07130941220038356,0.08871682716071749,-2.4736920483153435,-2.6407269518563368,-2.422305699007832
13-2,13,2,1,0,0.09118230001155805,0.07748637142418399,0.09572031731155416,-2.396414985834251,-2.5576532158483323,-2.346324701230948
13-3,13,3,1,0,0.10037623136501499,0.08403729420763388,0.10597972412293681,-2.300557525430767,-2.4764946102076926,-2.2445074850272078
13-4,13,4,1,0,0.11216177310299856,0.09022144674424394,0.11957667382076305,-2.1902126185626116,-2.40548812398436,-2.1237974916490296
13-5,13,5,1,0,0.1274265508471059,0.10286106608514525,0.13677844666545338,-2.062737995473618,-2.2743760742741217,-1.9893928400989065
13-6,13,6,1,0,0.1459146329496342,0.11266458797381144,0.1583866120564802,-1.928162277432079,-2.183340646883095,-1.8427163231370114
13-7,13,7,1,0,0.1684973186006109,0.1301773314521147,0.18406199542802523,-1.7845307192527426,-2.0388578067761434,-1.6924826465181122
13-8,13,8,1,0,0.20495218450614205,0.15029920975854286,0.22878482154793986,-1.5900692499470415,-1.895127249617151,-1.474973361101297
13-9,13,9,1,0,0.25936692205910444,0.18452729011360475,0.2960122202769226,-1.3559297998945488,-1.6899579215233582,-1.2173545408523918
13-10,13,10,0,0,1.0,1.0,1.0,0.0,0.0,0.0
14-1,14,1,0,0,1.0,1.0,1.0,0.0,0.0,0.0
14-2,14,2,1,0,0.08447430838691437,0.07159504114539997,0.08882867069323294,-2.472808096104414,-2.6367294687597647,-2.421045814683698
14-3,14,3,1,0,0.09154984377787126,0.0781443799865751,0.09625896235511855,-2.3924645634829718,-2.549197152826135,-2.340713194772582
14-4,14,4,1,0,0.10097054621785215,0.08295157893406414,0.10671817496108055,-2.2949455711269025,-2.4894983232593795,-2.2375637981516316
14-5,14,5,1,0,0.11327825322668139,0.09203427485066427,0.12086808840755627,-2.180241881433891,-2.3855944493421344,-2.113055506517627
14-6,14,6,1,0,0.1276467701335376,0.10097594702314291,0.13747557564909166,-2.061397587773338,-2.2928729719045347,-1.9843090092984834
14-7,14,7,1,0,0.1443656627162726,0.11544807258612994,0.1555520266437112,-1.9382146491793932,-2.158934438193862,-1.8607750272644294
14-8,14,8,2,0,0.06796211076260517,0.048610282730137074,0.0811614798006305,-2.696767131229184,-3.023920193553259,-2.511314531334439
14-9,14,9,1,0,0.2524617839157656,0.18170080366426875,0.2864260139358724,-1.3828965474040709,-1.7053938863075497,-1.2502750178473025
14-10,14,10,0,0,1.0,1.0,1.0,0.0,0.0,0.0
15-1,15,1,1,0,0.07769153194824284,0.06632672351396131,0.08139041543302139,-2.5565788080999834,-2.713162406987732,-2.5084977595311635
15-2,15,2,1,0,0.08363550173958288,0.07018042081825773,0.08767420162379282,-2.4829088345386348,-2.656685913296326,-2.4341275890892784
15-3,15,3,2,0,0.01836677269433918,0.01452336621101416,0.020211761491442767,-4.000650571285432,-4.231996553790864,-3.901490591991523
15-4,15,4,1,0,0.11235002281437952,0.09088122365951305,0.11955169826882323,-2.188536040237865,-2.3982019339746223,-2.1240063796678808
15-5,15,5,0,0,1.0,1.0,1.0,0.0,0.0,0.0
15-6,15,6,1,0,0.12509302989225182,0.09944096200240377,0.13388108009861813,-2.0814099231040344,-2.308191256404723,-2.010803335028442
15-7,15,7,0,0,1.0,1.0,1.0,0.0,0.0,0.0
15-8,15,8,2,0,0.04850861144043608,0.03514012825064552,0.05645995919094485,-3.0330301001469766,-3.348411565146492,-2.874223578953762
15-9,15,9,2,0,0.10243185386710635,0.07267582060297316,0.12672578253851963,-2.2885974161550973,-2.6217465495801995,-2.065729724238292
15-10,15,10,0,0,1.0,1.0,1.0,0.0,0.0,0.0
16-1,16,1,0,0,1.0,1.0,1.0,0.0,0.0,0.0
16-2,16,2,1,0,0.08456206888315874,0.07250259884285165,0.08885858112130723,-2.4718080306101036,-2.624132871666093,-2.420709149183362
16-3,16,3,1,0,0.0924675142362173,0.07672061301147978,0.09770599836770255,-2.3827685527090328,-2.5675848792843454,-2.325792326073159
16-4,16,4,1,0,0.10157310174536545,0.08434158399245928,0.10753503475425681,-2.288908220714176,-2.4728804017443617,-2.229938579971641
16-5,16,5,1,0,0.11332671782617426,0.09380431871504458,0.12067722764267151,-2.179545076157496,-2.3665443931077204,-2.1146358377926795
16-6,16,6,1,0,0.1270880539500435,0.10243404701431456,0.1361773057224942,-2.065350362872945,-2.278536146185818,-1.993797524485437
16-7,16,7,1,0,0.14794365075659183,0.1152557983153797,0.16065080218946992,-1.9141000619888642,-2.1606012876580953,-1.8285222001013266
16-8,16,8,1,0,0.17071697439847883,0.13042190790078556,0.18730562563209602,-1.7716180568022692,-2.036980639809825,-1.675013634574303
16-9,16,9,1,0,0.20440818501360786,0.1501869781647621,0.22721275331165203,-1.592457327496911,-1.8958744199741464,-1.481868462031423
16-10,16,10,0,0,1.0,1.0,1.0,0.0,0.0,0.0
17-1,17,1,0,0,1.0,1.0,1.0,0.0,0.0,0.0
17-2,17,2,1,0,0.08438391865142013,0.07243613269921738,0.08863174511727828,-2.4738584778714046,-2.625050033903732,-2.4232651885479473
17-3,17,3,1,0,0.09260255266535562,0.07770845674172433,0.09784271370880278,-2.3811128917554667,-2.5547912149043013,-2.3243940520803186
17-4,17,4,1,0,0.1017962214517358,0.08510446702201661,0.10791043653671308,-2.2866160156422137,-2.463875982741182,-2.226453687240332
17-5,17,5,1,0,0.11100039602089977,0.09014530115270528,0.11800071421539887,-2.2005960195231604,-2.406332469235351,-2.137064603655008
17-6,17,6,0,0,1.0,1.0,1.0,0.0,0.0,0.0
17-7,17,7,1,0,0.12601367101120278,0.10202458888489271,0.1347903812291063,-2.073874399820475,-2.2825414681691867,-2.004034438921966
17-8,17,8,1,0,0.14415568939826248,0.11442199188084895,0.15536619458417184,-1.939760590334172,-2.1678620148947023,-1.8619704027865223
17-9,17,9,1,0,0.16678729996138422,0.12790690361641724,0.1817763537880944,-1.7949107902839323,-2.056452668138671,-1.7049781732944709
17-10,17,10,1,0,0.20379190267789601,0.1514803820449435,0.22628229336163388,-1.595274294009872,-1.8872997747372036,-1.48597197352832
17-11,17,11,0,0,1.0,1.0,1.0,0.0,0.0,0.0
18-1,18,1,1,0,0.08413659283836708,0.07124363778839204,0.08843342675537337,-2.476952483538543,-2.6416497697107895,-2.4255052500957945
18-2,18,2,2,0,0.018692566424703107,0.014750788336453434,0.020664175657316868,-3.98298163652754,-4.216458799162302,-3.8793537237107163
18-3,18,3,0,0,1.0,1.0,1.0,0.0,0.0,0.0
18-4,18,4,0,0,1.0,1.0,1.0,0.0,0.0,0.0
18-5,18,5,1,0,0.11195711005054554,0.09104224895039827,0.11910602981048338,-2.1918766219103736,-2.39643161458135,-2.127741175781492
18-6,18,6,1,0,0.12646923285030695,0.10149388855881147,0.13552493028202484,-2.0704328373393848,-2.2877567487984427,-1.9985996682685474
18-7,18,7,1,0,0.144622669616052,0.11263898957929286,0.15635837330456984,-1.9369055716751942,-2.183567640891654,-1.85560464169808
18-8,18,8,1,0,0.167791005538807,0.1267907042461311,0.18327824561613254,-1.7890341182808829,-2.065217552945543,-1.6967498130354572
18-9,18,9,1,0,0.20277028771338676,0.15438664967289284,0.2243110771462246,-1.600015793968176,-1.8682951958646785,-1.4947214533157618
18-10,18,10,0,0,1.0,1.0,1.0,0.0,0.0,0.0
19-1,19,1,1,0,0.07788529593508839,0.06667834241090675,0.08155278758487677,-2.5539934496857724,-2.707875086809811,-2.5065047680580648
19-2,19,2,1,0,0.08405264178163772,0.07253030269517065,0.08798623036920716,-2.4776579102781913,-2.6237508593435983,-2.430574950011736
19-3,19,3,1,0,0.09182734110569164,0.07550940989438844,0.09717912735996902,-2.3899070641600977,-2.58349804124432,-2.3311993296725793
19-4,19,4,1,0,0.1009706096518575,0.0840039770257181,0.10671244227962272,-2.2948306206388542,-2.476891137639486,-2.237617517601174
19-5,19,5,0,0,1.0,1.0,1.0,0.0,0.0,0.0
19-6,19,6,1,0,0.11157734349386941,0.09035340368120656,0.11862694392821578,-2.1953881470996968,-2.4040265965011116,-2.1317716350203413
19-7,19,7,1,0,0.126247251667778,0.10065960152347753,0.1355019475528545,-2.072299068140345,-2.296010736486833,-1.998769265762527
19-8,19,8,1,0,0.14731431596211675,0.1173669646729304,0.15966852697205844,-1.9180876230752666,-2.142449802473634,-1.8346553198576325
19-9,19,9,1,0,0.1676943983232535,0.12637440805496092,0.18360852265793207,-1.789845980351499,-2.0685062894517685,-1.6949493821725297
19-10,19,10,1,0,0.20520332500540442,0.1525467486004479,0.2285489084651193,-1.5885731424263374,-1.8802841880269876,-1.4760050501306028
19-11,19,11,0,0,1.0,1.0,1.0,0.0,0.0,0.0
20-1,20,1,0,0,1.0,1.0,1.0,0.0,0.0,0.0
20-2,20,2,1,0,0.0833413560000969,0.07051977872513354,0.08717404307863508,-2.4863257417560436,-2.6518620847301477,-2.4398486636248142
20-3,20,3,1,0,0.09223713375647183,0.07758378617626871,0.09736317788942266,-2.3851475436973293,-2.5563968420847467,-2.329307190237556
20-4,20,4,1,0,0.10082470867345027,0.08345110913441228,0.10670727564396909,-2.2963326398230333,-2.483494356117243,-2.2376659351469423
20-5,20,5,1,0,0.11225753226690476,0.09175593169739438,0.11968787829950994,-2.1893866596586853,-2.3886231478514186,-2.1228679394779393
20-6,20,6,1,0,0.12589547720960914,0.10106070130052695,0.13484776914418314,-2.075005284693932,-2.292033940463605,-2.0036087728054173
20-7,20,7,1,0,0.1427929413656649,0.10945584117270897,0.15432822516378314,-1.9497648750583592,-2.2122341179410845,-1.868673612507408
20-8,20,8,2,0,0.06962498844863173,0.05042298420628774,0.08304548698222804,-2.672053284719374,-2.987308217690561,-2.488366790097435
20-9,20,9,1,0,0.25356833435476295,0.18467657832392942,0.2864290501652296,-1.3778044175319029,-1.689149210853371,-1.2502644169370014
20-10,20,10,0,0,1.0,1.0,1.0,0.0,0.0,0.0
21-1,21,1,0,0,1.0,1.0,1.0,0.0,0.0,0.0
21-2,21,2,3,0,0.0036017792849705353,0.0027313501048587836,0.004088815970675941,-5.630788328103444,-5.902959259790916,-5.4994998445662775
21-3,21,3,0,0,1.0,1.0,1.0,0.0,0.0,0.0
21-4,21,4,1,0,0.10192560574854002,0.08206645914040553,0.10859150084360443,-2.285755767573264,-2.5002258840226297,-2.2201621356668375
21-5,21,5,0,0,1.0,1.0,1.0,0.0,0.0,0.0
21-6,21,6,1,0,0.11377515973644131,0.09253767791419953,0.12129881361746855,-2.1756740343060232,-2.380139388788004,-2.1094982436471934
21-7,21,7,1,0,0.12558794778196986,0.10072382431036858,0.13441754738308304,-2.0773145611231993,-2.295372922757188,-2.0068042986226566
21-8,21,8,1,0,0.1452067455344177,0.11189460224055198,0.1572526925026324,-1.9328880363636014,-2.1901979082761636,-1.8499012614542691
21-9,21,9,2,0,0.06800274811302343,0.048929340810780306,0.08066916270467932,-2.6959380055105453,-3.0173780521796414,-2.517398899356602
21-10,21,10,0,0,1.0,1.0,1.0,0.0,0.0,0.0
21-11,21,11,0,0,1.0,1.0,1.0,0.0,0.0,0.0
22-1,22,1,0,0,1.0,1.0,1.0,0.0,0.0,0.0
22-2,22,2,1,0,0.08493165250362252,0.07300900983053468,0.08931091059343794,-2.4673507187616677,-2.6171724260861686,-2.4156316195376353
22-3,22,3,1,0,0.09194225970601329,0.07679825584654018,0.09688273800455101,-2.3883113995748992,-2.5665733720748114,-2.3342539185105498
22-4,22,4,1,0,0.10112612995587086,0.08352595791331685,0.10687902767696836,-2.2931870601248514,-2.482597825929143,-2.236057666714971
22-5,22,5,0,0,1.0,1.0,1.0,0.0,0.0,0.0
22-6,22,6,1,0,0.11283293468623133,0.09198845969465426,0.12015869120892057,-2.18400957731169,-2.386092148806804,-2.118941983130382
22-7,22,7,2,0,0.03633803607227441,0.02698430579877006,0.04142694028512288,-3.3202548616111254,-3.612499850485175,-3.1838238782768786
22-8,22,8,1,0,0.16711746948743922,0.12897720757465264,0.18206870770954106,-1.7928527177686198,-2.0481197566662117,-1.7033711488217704
22-9,22,9,2,0,0.10192932750527342,0.07097839562678854,0.12547463400929293,-2.2937553998919,-2.6453797375985206,-2.0756516684826707
22-10,22,10,0,0,1.0,1.0,1.0,0.0,0.0,0.0
23-1,23,1,0,0,1.0,1.0,1.0,0.0,0.0,0.0
23-2,23,2,1,0,0.07746968511671751,0.06643521679516637,0.08107328002832856,-2.559274756221214,-2.711527990661757,-2.512401841600407
23-3,23,3,1,0,0.0840927682463063,0.07130558947374999,0.08838774778657306,-2.477501890534344,-2.640780561292361,-2.426021918649638
23-4,23,4,2,0,0.01856384025658436,0.01438995612188607,0.02053365240577165,-3.990183577223502,-4.241224851022641,-3.885690158064595
23-5,23,5,0,0,1.0,1.0,1.0,0.0,0.0,0.0
23-6,23,6,1,0,0.11287784868748875,0.09257786938389034,0.12020693414856809,-2.183615778818578,-2.3797051837295684,-2.1185405702020783
23-7,23,7,1,0,0.12601313222096136,0.10011744551897118,0.13498728322459674,-2.074101854533955,-2.301411329554342,-2.0025747033308274
23-8,23,8,1,0,0.1447932192761873,0.11348955832620304,0.15692931448724576,-1.9356080450800617,-2.1760444467683477,-1.851959801413545
23-9,23,9,1,0,0.16876959169247285,0.13002797435307106,0.18424266411965615,-1.782925816318805,-2.0400056740830728,-1.6915015637324946
23-10,23,10,1,0,0.20117487533085227,0.1453759978567994,0.22290206095224546,-1.6088254963352369,-1.9284318043233544,-1.5010227928813074
23-11,23,11,0,0,1.0,1.0,1.0,0.0,0.0,0.0
24-1,24,1,0,0,1.0,1.0,1.0,0.0,0.0,0.0
24-2,24,2,1,0,0.08431829321012216,0.07101631564559616,0.08854543400673469,-2.474726020674306,-2.6448456893262544,-2.4242394800966482
24-3,24,3,1,0,0.09189314955049817,0.07700305150497094,0.0970090520732869,-2.3889753387797863,-2.563910228177807,-2.332950984636084
24-4,24,4,1,0,0.1010747840056973,0.08268430142387305,0.10710459178883322,-2.2940673305115493,-2.492725690584418,-2.2339494287532355
24-5,24,5,1,0,0.11219420684081177,0.09192723708051859,0.11917827046691924,-2.1896714424404045,-2.386757946895176,-2.1271348357550037
24-6,24,6,1,0,0.12474232018333155,0.09847963111436485,0.13319977140221723,-2.084123735659874,-2.3179055568550417,-2.0159052370784987
24-7,24,7,2,0,0.04834314228086741,0.03500956108401121,0.05626712010569866,-3.035984393981473,-3.352134116912319,-2.8776449269175086
24-8,24,8,1,0,0.20576050333568344,0.15346290999944023,0.22938616138489115,-1.5857702766465624,-1.8742963759173925,-1.47234840137913
24-9,24,9,1,0,0.2512092610445299,0.17853550835745943,0.2848995162696133,-1.3880137794764529,-1.7229678184620392,-1.2556187363092357
24-10,24,10,0,0,1.0,1.0,1.0,0.0,0.0,0.0
25-1,25,1,0,0,1.0,1.0,1.0,0.0,0.0,0.0
25-2,25,2,2,0,0.012996035960832248,0.010312103820363879,0.014147228909008588,-4.345949712982127,-4.574436977053785,-4.258236511035873
25-3,25,3,0,0,1.0,1.0,1.0,0.0,0.0,0.0
25-4,25,4,1,0,0.09143033953205243,0.07628189034812931,0.09638735422590924,-2.394012545589824,-2.573319750450345,-2.3393802662143584
25-5,25,5,1,0,0.1009180923928028,0.08514978394605945,0.10673800594573073,-2.295229470687255,-2.4633434457870744,-2.237377989707178
25-6,25,6,1,0,0.11321018053114483,0.09256717621459622,0.12067018316829528,-2.180864261010933,-2.3798206732130622,-2.1146942139776437
25-7,25,7,2,0,0.0363091533583345,0.02716252387608865,0.041564346725149345,-3.3211397531270257,-3.6059170558676854,-3.1805125293087246
25-8,25,8,1,0,0.16870202286740615,0.1307393560169053,0.18393491399808048,-1.7832258517676685,-2.0345495916459058,-1.6931733123410189
25-9,25,9,1,0,0.2008944416868195,0.14704210179430022,0.22323740680674864,-1.6101241425443216,-1.9170363377273685,-1.499519469580122
25-10,25,10,0,0,1.0,1.0,1.0,0.0,0.0,0.0
26-1,26,1,2,0,0.022763579676522858,0.0176994693958333,0.025329876287751706,-3.786377900768655,-4.034220675149396,-3.6757706990013546
26-2,26,2,2,0,0.036307905855850954,0.02697426401218338,0.04129560152954962,-3.320981748092064,-3.6128721694615535,-3.1869992853210207
26-3,26,3,3,0,0.052669132695373364,0.03682503433917314,0.06894434167690948,-2.956228232987134,-3.3015774213805926,-2.6744557435436893
26-4,26,4,0,0,1.0,1.0,1.0,0.0,0.0,0.0
27-1,27,1,1,0,0.07744478035859856,0.06648429774015835,0.08094921794504265,-2.5595434453197328,-2.7107895356408784,-2.5139332598683475
27-2,27,2,1,0,0.08427378823849564,0.07068563756169906,0.08846014854131232,-2.4753018129455033,-2.6495128730167012,-2.4252031274181007
27-3,27,3,1,0,0.09177977362370687,0.07745038540030387,0.09672133719179904,-2.3899716970845906,-2.5581177573208222,-2.335921247381871
27-4,27,4,1,0,0.09963081989256323,0.08180081635988538,0.10528231160773169,-2.3083303062524885,-2.503468058837771,-2.2511098553235698
27-5,27,5,0,0,1.0,1.0,1.0,0.0,0.0,0.0
27-6,27,6,1,0,0.11193452447023113,0.0908768658410213,0.11915322176414794,-2.1921939330626414,-2.3982498126845493,-2.1273450362610498
27-7,27,7,2,0,0.03626985728457162,0.027324675442467836,0.04126926862033108,-3.321868798670494,-3.5999651909596944,-3.187637157247207
27-8,27,8,2,0,0.0679637172714871,0.04788102035434828,0.0807410127877877,-2.6968373836321025,-3.0390360880730802,-2.516508620204935
27-9,27,9,0,0,1.0,1.0,1.0,0.0,0.0,0.0
28-1,28,1,0,0,1.0,1.0,1.0,0.0,0.0,0.0
28-2,28,2,2,0,0.1577241325837298,0.02631650245151164,0.4670475951187669,-2.0941185132191906,-3.6375593089796405,-0.7613241283533236
28-3,28,3,0,0,1.0,1.0,1.0,0.0,0.0,0.0
28-4,28,4,1,1,0.3031247573651048,0.08834690252804053,0.4451866854175107,-1.2570212688538245,-2.426484151061963,-0.809261568567375
28-5,28,5,0,0,1.0,1.0,1.0,0.0,0.0,0.0
28-6,28,6,1,1,0.023219766656248343,0.0037748038580508792,0.06053841328145214,-3.9761788229440738,-5.579406868182671,-2.8044771852384405
28-7,28,7,1,1,0.20765233506397118,0.06800351421253106,0.3262216044161109,-1.6328275949384312,-2.6881960087974326,-1.1201783604673
28-8,28,8,1,1,0.21083602876148894,0.06533975226854423,0.3228709521695834,-1.6157496996763325,-2.728155014792567,-1.1305025692015398
28-9,28,9,1,1,0.30973080225721805,0.12450313829092945,0.44458496389015795,-1.224334598383383,-2.083424385081219,-0.8106140980057586
28-10,28,10,1,1,0.3363457038769161,0.16439837029380122,0.4535326532860281,-1.1238146929035089,-1.8054627120173035,-0.7906880092312234
28-11,28,11,0,0,1.0,1.0,1.0,0.0,0.0,0.0
29-1,29,1,0,0,1.0,1.0,1.0,0.0,0.0,0.0
29-2,29,2,1,1,0.30200081731509054,0.11389765602996849,0.435126118276977,-1.2468285216975503,-2.1724549978960925,-0.8321193882708783
29-3,29,3,1,1,0.3178315515851813,0.11766509681213198,0.4532049499889911,-1.197132269083713,-2.139912857841357,-0.7914108277079361
29-4,29,4,1,1,0.23783219936887226,0.08326012928859261,0.3668993767912931,-1.4921506374865985,-2.4857854852350627,-1.0026676471144906
29-5,29,5,1,1,0.3010350677689246,0.12243103936277289,0.4294256757657837,-1.2476059118750287,-2.1002079067329325,-0.8453066021288547
29-6,29,6,1,1,0.2742326383971683,0.09832726698921951,0.40153745252201906,-1.343798974972925,-2.319453956909018,-0.9124544734172738
29-7,29,7,2,0,0.23261033262429798,0.048320804661557124,0.5234353213622163,-1.601034992481123,-3.029893329905533,-0.6473418082929325
29-8,29,8,1,1,0.20991396964146083,0.06283227076743017,0.3188420864367339,-1.620085179548324,-2.7672911406959306,-1.1430593258059363
29-9,29,9,1,1,0.2884997392366252,0.11328270802044647,0.40648684568536725,-1.282710521505,-2.1778687666558043,-0.9002037131041908
29-10,29,10,2,0,0.17545092340361204,0.029685312326378478,0.40739342015278623,-1.9421266310895247,-3.5171029205026514,-0.8979759532173723
29-11,29,11,0,0,1.0,1.0,1.0,0.0,0.0,0.0
30-1,30,1,0,0,1.0,1.0,1.0,0.0,0.0,0.0
30-2,30,2,1,1,0.3156114657987409,0.11855798754847814,0.44583679307624463,-1.203648243029053,-2.132353096724527,-0.8078023299145967
30-3,30,3,1,1,0.04055784972241071,0.008750469271264195,0.08775520490807924,-3.351563294031572,-4.738648761961213,-2.4332041583250876
30-4,30,4,2,0,0.37103419716014857,0.0946045514507899,0.7075092186604599,-1.1023138868068056,-2.358049695638457,-0.3460046537295211
30-5,30,5,1,1,0.0406613220023974,0.008548918521214033,0.08846089533108893,-3.3528955615966085,-4.761950493642836,-2.4251947241455283
30-6,30,6,1,1,0.3129931570048702,0.11019715661548635,0.44430847501243664,-1.212674640638873,-2.205484189016333,-0.8112361949112779
30-7,30,7,1,1,0.31261584162342765,0.1112237565200631,0.45010176440746247,-1.216128967361452,-2.1962112825212734,-0.7982815795654424
30-8,30,8,2,0,0.2627599814454247,0.060643845060430614,0.5579394208870013,-1.4721467457551296,-2.802737140244283,-0.5835050091524866
30-9,30,9,2,0,0.14529892686186857,0.028433619644292387,0.3218690298142637,-2.1005303237836945,-3.560183063281558,-1.133610563007616
30-10,30,10,0,0,1.0,1.0,1.0,0.0,0.0,0.0
31-1,31,1,1,1,0.2754664510418663,0.09687626793202049,0.41400604337839186,-1.3457000245040338,-2.3343207288187395,-0.8818747080278755
31-2,31,2,1,1,0.26725246151745935,0.10798779397639076,0.4011169994998187,-1.3653651238076159,-2.2257373916774545,-0.9135021290219566
31-3,31,3,1,1,0.2722587287287024,0.09835513729672518,0.40985072888096663,-1.3568322872013026,-2.3191705007044487,-0.8919622622888455
31-4,31,4,1,1,0.3122098181524889,0.10865337758452454,0.44529109514225235,-1.2181052368433785,-2.2195925216887824,-0.8090270715043261
31-5,31,5,2,0,0.0043514548251412915,0.0003194993215489607,0.014235403910257356,-5.820898727284667,-8.048759804101358,-4.252023189487674
31-6,31,6,1,1,0.2847293203404801,0.09901069255617796,0.4179126092712665,-1.3089414475806533,-2.3125274330480714,-0.8724829372036297
31-7,31,7,1,1,0.2748616467058392,0.11684913910947856,0.40056307754472487,-1.334059363361125,-2.1468717416429195,-0.9148840360033517
31-8,31,8,2,0,0.3256927543621608,0.08355865002732721,0.6300172734710925,-1.2391790367981133,-2.482206498154041,-0.4620081419895442
31-9,31,9,2,0,0.35615929741236396,0.11698509943673698,0.6439341945905522,-1.1243775502013964,-2.1457087183144505,-0.4401587411234736
31-10,31,10,0,0,1.0,1.0,1.0,0.0,0.0,0.0
32-1,32,1,1,1,0.27314320054359714,0.10429839482669655,0.41534436813384135,-1.3507944336615263,-2.260499340583487,-0.8786473057460409
32-2,32,2,1,1,0.09029735702183196,0.026268050705292856,0.16231911013308,-2.495233047811131,-3.6394018860466373,-1.818191066805999
32-3,32,3,1,1,0.31298114328224724,0.1093348660491781,0.44650386809076503,-1.2159815073883264,-2.213340102174759,-0.8063072161457543
32-4,32,4,1,1,0.09157549215847097,0.02223939373450452,0.16459379065287438,-2.4934085115946183,-3.8058902710047264,-1.8042747341035135
32-5,32,5,1,1,0.22255455272855795,0.07950042774783314,0.35396209054700195,-1.5634916904243448,-2.5319928892467964,-1.038565460507351
32-6,32,6,1,1,0.142144909655857,0.03962433322145462,0.23467025764916372,-2.032182257609263,-3.228311948504809,-1.4495739091285083
32-7,32,7,1,1,0.059881112375862,0.015939087257351662,0.11632468117528653,-2.928707874939597,-4.138980920167379,-2.151370023655539
32-8,32,8,1,1,0.20407644248316792,0.05843959773003637,0.31776720755290905,-1.6548029166550209,-2.8397615783388237,-1.146436230916786
32-9,32,9,1,1,0.3062698205544161,0.12196175162769947,0.44832489272838183,-1.2393448722836937,-2.1040477984153108,-0.8022371192873813
32-10,32,10,0,0,1.0,1.0,1.0,0.0,0.0,0.0
32-11,32,11,0,0,1.0,1.0,1.0,0.0,0.0,0.0
33-1,33,1,0,0,1.0,1.0,1.0,0.0,0.0,0.0
33-2,33,2,2,0,0.04179000669983013,0.00563187400281954,0.15185213260362512,-3.4915964559616883,-5.179313115762062,-1.8848482867205065
33-3,33,3,2,0,0.3371612832842254,0.06402686181208063,0.6483861995044927,-1.2150682439534517,-2.748452570942209,-0.43326901800719425
33-4,33,4,1,1,0.15123225165643306,0.04619229705006212,0.23073357816824294,-1.9534398625711074,-3.074942299206281,-1.4664915768901674
33-5,33,5,1,1,0.27009471396337975,0.08821918752915918,0.4034062891887979,-1.3615932184815542,-2.4279308750590114,-0.9078110638171301
33-6,33,6,1,1,0.1141568334236823,0.028884634783650807,0.18939564938032477,-2.2603575275212777,-3.544446137649974,-1.6639171076476222
33-7,33,7,1,1,0.3207650108934309,0.1369982097728725,0.44669502707637226,-1.1782233032611016,-1.9877874221901393,-0.8058791867775702
33-8,33,8,0,0,1.0,1.0,1.0,0.0,0.0,0.0
33-9,33,9,0,0,1.0,1.0,1.0,0.0,0.0,0.0
34-1,34,1,0,0,1.0,1.0,1.0,0.0,0.0,0.0
34-2,34,2,2,0,0.1968948471602271,0.04549915595156794,0.44874877118937545,-1.772406580053629,-3.090062080344026,-0.8012923254208492
34-3,34,3,1,1,0.30064990876905595,0.11430744997361217,0.43439586794175916,-1.2525223987936658,-2.1688635388369177,-0.8337990230194161
34-4,34,4,1,1,0.05782929733183455,0.012835924076662505,0.111786200187924,-2.974455282341088,-4.355507593291517,-2.1911671591124753
34-5,34,5,0,0,1.0,1.0,1.0,0.0,0.0,0.0
34-6,34,6,1,1,0.2760521026521757,0.09659665189510658,0.40835758032481256,-1.3378823161977536,-2.3372112049534888,-0.895612085269352
34-7,34,7,1,1,0.21070089131418507,0.06753788875517162,0.3316302015289998,-1.619920972646753,-2.6950665714451474,-1.103734788852479
34-8,34,8,1,1,0.2789780296428165,0.10480917308378103,0.4017536458238379,-1.3236637351152984,-2.255614581923017,-0.9119162075136736
34-9,34,9,1,1,0.2954862451634935,0.09958812962997768,0.4444139105996863,-1.2881233159995389,-2.3067123048954787,-0.8109989197529083
34-10,34,10,1,1,0.12178184777617261,0.03629944838843506,0.19898929490454498,-2.1791073418943903,-3.3159532467819117,-1.6145042522179938
34-11,34,11,0,0,1.0,1.0,1.0,0.0,0.0,0.0
